time,battery_current,soc,solarCurrent,solarVoltage,battery_voltage,solar_power
0,-1.40625E-09,12.95938104,8.024830487,0.004814898,0,0
0.1,-9.183804075,12.95941134,7.963903115,15.83108798,12.40108432,125.1436763
0.2,-10.23265016,12.95949894,7.953872395,18.12374385,12.40419049,142.2862469
0.3,-11.61254626,12.95963752,7.925421687,21.10195021,12.40755146,164.2119381
0.4,-13.23185446,12.95982476,7.684822172,25.08271885,12.41117727,189.945203
0.5,-13.5188751,12.96005914,7.287995259,26.75720507,12.41304954,195.2285558
0.6,-13.47344075,12.96033187,7.326000172,26.64478075,12.41414692,195.1002614
0.7,-13.56047098,12.96063306,7.323951823,26.65099179,12.41510927,195.1086316
0.8,-13.44745054,12.96095533,7.284980878,26.76587752,12.41561436,195.2365449
0.9,-13.50246212,12.9612932,7.328209374,26.63806175,12.41616121,195.0910606
1,-13.51558116,12.96164264,7.293020514,26.74267008,12.4165376,195.2147566
1.1,-11.31717303,12.96199184,5.929508483,27.20008977,12.41360016,160.7288872
1.2,-11.31812763,12.9623332,5.930067304,27.19757756,12.41338974,160.7245317
1.3,-11.31827943,12.96266878,5.930136182,27.19726769,12.4132378,160.7239931
1.4,-11.31838724,12.96300009,5.930185124,27.19704748,12.41312985,160.7236103
1.5,-11.31846249,12.96332823,5.930219302,27.19689368,12.41305447,160.7233428
1.6,-8.778928217,12.96364425,4.4430519,27.96207904,12.4093174,124.0118048
1.7,-8.649206588,12.96394274,4.461811977,27.8422995,12.40866264,123.8689281
1.8,-8.489817679,12.9642283,4.465213218,27.81969899,12.40810496,123.8384845
1.9,-8.28386805,12.96450427,4.454361598,27.89083002,12.40758962,123.9306366
2,-8.048098349,12.96477315,4.415754444,28.12328706,12.40711071,124.1520249
2.1,-4.89964925,12.9650261,2.919176244,28.89968349,12.40249032,84.49094416
2.2,-6.023429474,12.96525772,2.987837179,28.2528881,12.40322506,84.18714849
2.3,-5.282495282,12.96547358,2.870525062,29.24431883,12.40187642,84.31691227
2.4,-5.387965471,12.96567775,2.997523008,28.13780808,12.40167532,84.06465341
2.5,-5.978076387,12.96587327,2.904048032,29.01435304,12.4021328,84.4630982
2.6,-2.611449273,12.9660508,1.50925386,27.72867591,12.39715842,41.75017876
2.7,-1.45561771,12.96620451,1.47019405,28.62771522,12.39507112,42.09929321
2.8,-2.467041085,12.96634058,1.424215312,29.28454995,12.39576666,41.84321965
2.9,-3.167723077,12.96646359,1.4932213,28.1601248,12.39623465,41.99555077
3,-1.743541669,12.96657693,1.50062834,27.97515533,12.39424749,41.90550133
3.1,-0.680697473,12.96667724,0.750659702,27.44490544,12.39237822,20.58164146
3.2,-0.091450692,12.96676247,0.735467361,28.1180034,12.39122534,20.68175655
3.3,-0.778720547,12.96683651,0.720281788,28.58686539,12.39172052,20.61396977
3.4,-1.394162628,12.96690226,0.738465252,28.00618674,12.39222108,20.67916663
3.5,-0.579082368,12.96696188,0.750265828,27.46657008,12.39106809,20.58766124
3.6,-0.058339225,12.96701579,0.58762843,28.52134593,12.39023138,16.75982382
3.7,-0.31178927,12.96706452,0.577817315,28.92968197,12.39038538,16.72750409
3.8,-0.961244894,12.96710943,0.586685121,28.56569017,12.39105631,16.76005772
3.9,-0.401090151,12.96715151,0.59742583,27.96372934,12.39030636,16.69436925
4,-0.054523234,12.96719149,0.588318347,28.48808007,12.38982472,16.75910824
,,,,,,
,,,,,,
0,-1.40625E-09,22.63056093,8.024830487,0.004814898,0,0
0.1,-9.132063532,22.63059115,7.962415642,16.22273101,12.70778909,128.2142539
0.2,-10.17157389,22.63067862,7.951443326,18.54809919,12.71108242,145.6027237
0.3,-11.53287269,22.630817,7.916267123,21.57672774,12.71460016,167.809946
0.4,-13.02234735,22.63100384,7.594313267,25.60811351,12.71823283,192.4017921
0.5,-13.29164104,22.63123675,7.384465077,26.45940264,12.72017843,194.8422689
0.6,-13.12938601,22.63150633,7.365890005,26.52007739,12.72119362,194.9519329
0.7,-13.0210384,22.63180307,7.331274809,26.62870362,12.72196105,195.1167166
0.8,-13.01045999,22.63211995,7.295411519,26.73572012,12.72261442,195.2359049
0.9,-13.05911755,22.63245172,7.271215694,26.8050486,12.72316781,195.2887303
1,-13.13310955,22.63279454,7.26348973,26.82673125,12.72362505,195.3009876
1.1,-11.10151628,22.63313691,5.851448476,27.52254986,12.72083857,161.1521019
1.2,-11.04779329,22.63347145,5.913152007,27.27220967,12.72052614,160.8844033
1.3,-10.76681812,22.63380022,5.913006374,27.27283988,12.72000614,160.8675815
1.4,-10.51427838,22.63412472,5.827163338,27.61300635,12.71956727,161.1964196
1.5,-10.81831698,22.63444606,5.787996007,27.7508474,12.71983275,161.2153415
1.6,-8.399941447,22.63475551,4.450969306,27.91249892,12.71616986,123.9482213
1.7,-7.906862123,22.63504776,4.414632572,28.12961587,12.71501967,124.1567559
1.8,-8.154087985,22.63532731,4.337395273,28.52014009,12.71490148,124.1943927
1.9,-8.581634608,22.63559744,4.412473202,28.14173605,12.71511218,124.15431
2,-8.306985181,22.63586061,4.455469999,27.8836928,12.7145605,123.9137989
2.1,-5.278803856,22.63610814,2.866608449,29.26931662,12.70999454,84.29320405
2.2,-4.741010894,22.63633477,2.928887811,28.82183084,12.70867175,84.49416792
2.3,-5.296606535,22.63654596,2.996988197,28.14437367,12.70883874,84.07211416
2.4,-5.968764509,22.63674569,2.972612192,28.41915912,12.70927081,84.33126575
2.5,-5.68303484,22.63693696,2.885616079,29.14452673,12.70864862,84.3958923
2.6,-1.55579652,22.63711063,1.497202676,28.06337103,12.70267202,41.95149695
2.7,-2.862736255,22.63726096,1.437291432,29.12310141,12.70347026,41.95932908
2.8,-1.791464739,22.63739404,1.504585197,27.86679245,12.7016288,41.84186865
2.9,-2.585604631,22.63751433,1.42505597,29.27463563,12.70215445,41.85149188
3,-2.093841603,22.63762515,1.508710423,27.74538225,12.70126542,41.76186851
3.1,-0.338673119,22.63772323,0.750258757,27.46695628,12.69850837,20.58776711
3.2,-0.354040834,22.63780655,0.722970275,28.5134249,12.69803653,20.63397252
3.3,-1.365788258,22.63787892,0.735628706,28.11218483,12.69889517,20.6817814
3.4,-0.336342085,22.6379432,0.750280146,27.46578774,12.69739913,20.58744664
3.5,-0.354133551,22.63800148,0.723027785,28.51181578,12.69721759,20.63436828
3.6,-0.026463405,22.63805417,0.594465227,28.15461318,12.69659455,16.72862152
3.7,-0.12349231,22.63810181,0.581089265,28.80522055,12.69655124,16.74600942
3.8,-0.886720414,22.6381457,0.585053623,28.63947799,12.6973462,16.75855871
3.9,-0.129974991,22.63818684,0.596193163,28.04611601,12.69635185,16.71050447
4,-0.088772966,22.63822592,0.583329547,28.71377167,12.69623134,16.75455859
,,,,,,
,,,,,,
0,-1.40625E-09,32.30174081,8.024830487,0.004814898,0,0
0.1,-9.113924468,32.30177101,7.961842557,16.36942751,12.83103662,129.364939
0.2,-10.15221043,32.30185844,7.95042979,18.71103469,12.8345814,146.876237
0.3,-11.50737422,32.30199675,7.912039509,21.76203202,12.83832336,169.2030996
0.4,-12.93601362,32.30218346,7.551340062,25.81462921,12.84210276,193.2062854
0.5,-13.00153454,32.30241577,7.290113125,26.7510912,12.84397209,195.2608795
0.6,-13.05139443,32.3026841,7.286624019,26.76115444,12.84536479,195.2685417
0.7,-13.13156545,32.30297911,7.295393636,26.73577218,12.84644899,195.260032
0.8,-13.27334245,32.30329389,7.338504082,26.60647072,12.84735216,195.1258905
0.9,-13.24885342,32.3036233,7.37236376,26.49912918,12.84786689,194.941273
1,-13.10107429,32.30396354,7.370975063,26.50364039,12.84809319,194.9480264
1.1,-10.95564561,32.30430326,5.927252039,27.21020055,12.84512238,160.8087074
1.2,-10.42152987,32.30463513,5.85907324,27.49328237,12.84419579,161.1331261
1.3,-10.79428241,32.30496122,5.793529206,27.7319325,12.84443051,161.2164664
1.4,-11.01818287,32.30528304,5.913752537,27.26960875,12.84454677,160.8985641
1.5,-10.49835228,32.3056017,5.894017065,27.35331369,12.84380939,160.9933879
1.6,-8.261768584,32.30590856,4.4685811,27.79703469,12.8402714,123.8071048
1.7,-7.770234194,32.30619833,4.347545236,28.4732599,12.83905077,124.2125063
1.8,-8.575595261,32.30647547,4.419604943,28.10139659,12.83955469,124.1347758
1.9,-7.884573111,32.30674327,4.446814001,27.9386904,12.83838468,123.9784098
2,-8.164477999,32.30700413,4.328606713,28.55981163,12.83846243,124.1806558
2.1,-5.27795219,32.30724949,2.875800228,29.21007809,12.83396134,84.34680384
2.2,-4.807523367,32.30747412,2.904792487,29.00888471,12.83263759,84.46507542
2.3,-4.826353057,32.30768345,2.974944478,28.39473252,12.83210107,84.3126622
2.4,-5.555759283,32.30788144,3.000479021,28.10104429,12.83256083,84.0218552
2.5,-5.952723989,32.30807104,2.960704093,28.53863628,12.83272528,84.4087248
2.6,-1.407681689,32.30824318,1.473895751,28.56114477,12.82612001,42.0968267
2.7,-3.082576606,32.30839221,1.480920238,28.42669795,12.82727907,42.07866775
2.8,-1.472687011,32.30852415,1.460986832,28.78226879,12.82471509,42.08701528
2.9,-3.041230374,32.30864341,1.490896715,28.21402061,12.8261342,42.01703319
3,-1.585429892,32.30875331,1.449787932,28.95228637,12.824037,42.04185525
3.1,-0.277081719,32.30885056,0.745781368,27.6941139,12.8217472,20.64072537
3.2,-1.045564716,32.30893319,0.727994352,28.36622926,12.82212434,20.66299085
3.3,-0.133941926,32.30900497,0.743953139,27.77813434,12.82063471,20.65525924
3.4,-1.134101866,32.30906871,0.731453997,28.25618163,12.82153512,20.67571887
3.5,-0.102362576,32.3091265,0.740324467,27.93259427,12.82008011,20.67406989
3.6,-0.490640529,32.30917875,0.580045578,28.84602941,12.82029011,16.74084106
3.7,-0.452629106,32.30922599,0.596738917,28.01018578,12.82006612,16.70371168
3.8,-0.086799583,32.30926952,0.584807448,28.6503093,12.81948574,16.75813418
3.9,-0.697120326,32.3093103,0.582310769,28.75603637,12.82011624,16.75111801
4,-0.151378822,32.30934904,0.596180906,28.04691337,12.81939175,16.71065085
,,,,,,
,,,,,,
0,-1.40625E-09,37.13733075,8.024830487,0.004814898,0,0
0.1,-9.113134981,37.13736095,7.961668296,16.41354506,12.86867906,129.7136044
0.2,-10.15070133,37.13744837,7.950107813,18.76114618,12.87237526,147.2694838
0.3,-11.50387398,37.13758667,7.910636583,21.81973788,12.87625461,169.6363027
0.4,-12.91194137,37.13777335,7.536941064,25.87920623,12.8801433,193.4363801
0.5,-13.30031001,37.13800548,7.353413637,26.55987268,12.88250819,195.0619244
0.6,-12.86145035,37.13827341,7.344338446,26.58835739,12.88339457,195.0801472
0.7,-12.93622334,37.13856787,7.241075439,26.88845591,12.88452853,195.329928
0.8,-13.27782413,37.13888196,7.381708187,26.46851938,12.88571592,194.9127823
0.9,-12.80749594,37.1392106,7.311997795,26.68688548,12.88572632,195.2018611
1,-13.12323545,37.13955001,7.266814802,26.81742576,12.88653008,195.3105473
1.1,-10.89674739,37.13988887,5.879607238,27.41224286,12.8834365,161.0712732
1.2,-10.77279141,37.14021991,5.901970732,27.32001085,12.88298534,160.9666575
1.3,-10.56034941,37.14054521,5.878177116,27.41799606,12.8825061,161.0654278
1.4,-10.53396073,37.14086624,5.809793383,27.67529538,12.8823073,161.218329
1.5,-10.83825671,37.14118413,5.833085416,27.59132169,12.88255044,161.1962303
1.6,-8.148540108,37.14149021,4.437424916,27.9965047,12.87841267,124.0458451
1.7,-7.857415666,37.14177926,4.395969736,28.23180723,12.87739583,124.2005126
1.8,-8.206674576,37.14205574,4.36788697,28.3756235,12.87732026,124.2343298
1.9,-8.348395374,37.14232292,4.423222596,28.08058722,12.87712751,124.1192771
2,-8.116576137,37.1425832,4.436297827,28.00332197,12.87658056,124.0524301
2.1,-5.520745463,37.14282802,2.878664052,29.19120545,12.87235708,84.36200154
2.2,-4.874035127,37.14305215,2.879014962,29.18887891,12.87077024,84.3638353
2.3,-4.692521249,37.14326098,2.946449278,28.67137367,12.86995567,84.4668775
2.4,-5.220305195,37.14345849,2.993879692,28.18203154,12.87014736,84.11381944
2.5,-5.759735765,37.1436476,2.984752477,28.28793448,12.87046417,84.22085546
2.6,-1.3396255,37.14381931,1.464081807,28.7319501,12.86393185,42.09387938
2.7,-3.004546564,37.14396794,1.49584015,28.09714632,12.86502715,41.96765597
2.8,-1.683287342,37.14409951,1.428037751,29.2389787,12.86276184,41.87997742
2.9,-2.495259235,37.14421843,1.507880156,27.77057277,12.86324988,41.77918973
3,-2.31893488,37.14432798,1.41806546,29.35531377,12.86265781,41.7796189
3.1,-1.333834898,37.14442492,0.745403535,27.71185264,12.86071307,20.64403381
3.2,-0.041078363,37.14450728,0.743549851,27.79607514,12.85858088,20.65798199
3.3,-0.64335148,37.14457882,0.719212026,28.6151588,12.85887764,20.60522665
3.4,-1.332575785,37.14464235,0.745508071,27.70696493,12.85939651,20.64313481
3.5,-0.04107062,37.14469995,0.743596615,27.79400533,12.8576069,20.65767485
3.6,-0.659680996,37.14475202,0.579634933,28.86179269,12.85808201,16.73861341
3.7,-0.02701074,37.14479911,0.593956291,28.1851558,12.8571226,16.73304586
3.8,-0.294316814,37.14484249,0.577341443,28.94697065,12.85730168,16.72427292
3.9,-0.531256013,37.14488315,0.59598427,28.05964851,12.85748546,16.7129628
4,-0.082611345,37.14492177,0.583396928,28.71093479,12.85686208,16.75475878
,,,,,,
,,,,,,
0,-1.40625E-09,41.9729207,8.024830487,0.004814898,0,0
0.1,-9.096282483,41.97295088,7.961535649,16.44697147,12.89769211,129.9685754
0.2,-10.13497071,41.97303827,7.949876032,18.79673995,12.90156301,147.5428969
0.3,-11.48697823,41.97317654,7.90964676,21.85941613,12.9056001,169.9303525
0.4,-12.8811739,41.97336315,7.526886107,25.92307637,12.90962536,193.5860057
0.5,-13.00189595,41.97359509,7.381530742,26.46910481,12.91179736,194.8855272
0.6,-12.80530615,41.9738627,7.235273758,26.9041564,12.91306477,195.3334047
0.7,-13.23871262,41.97415672,7.34827497,26.57604848,12.91470167,195.0847616
0.8,-12.8449853,41.9744703,7.347080072,26.57979228,12.91505696,195.0677541
0.9,-12.97826276,41.97479836,7.245664623,26.87595758,12.91582727,195.3301988
1,-13.20077779,41.97513716,7.369892129,26.50715163,12.91655065,194.9788795
1.1,-10.94098922,41.97547538,5.891923382,27.36198661,12.9133848,161.0314123
1.2,-10.70890424,41.9758058,5.90516196,27.30648735,12.91278196,160.9491018
1.3,-10.56135321,41.97613048,5.873342015,27.43732356,12.9123639,161.0956666
1.4,-10.60790724,41.9764509,5.843203489,27.55372137,12.91224123,161.1797047
1.5,-10.71585638,41.97676817,5.844063037,27.55049435,12.91223949,161.1776369
1.6,-7.888935928,41.97707366,4.423108087,28.08124956,12.90787234,124.119866
1.7,-8.192837097,41.97736214,4.384529618,28.29175008,12.9075218,124.2255449
1.8,-8.037294529,41.97763808,4.444785436,27.95133953,12.90681025,123.9995372
1.9,-8.080464129,41.97790472,4.376809004,28.33113159,12.90646848,124.2321919
2,-8.280944202,41.97816448,4.451080147,27.91179503,12.90642303,123.9551636
2.1,-5.607091744,41.97840877,2.903104565,29.02125849,12.90202882,84.46049347
2.2,-5.031434623,41.97863243,2.884038691,29.1552278,12.90047147,84.38857907
2.3,-4.796234262,41.97884086,2.938135508,28.74425687,12.89955156,84.4854408
2.4,-5.180907708,41.97903802,2.978234878,28.35965617,12.89954106,84.28436205
2.5,-5.577201045,41.97922681,2.978685294,28.35479711,12.89966463,84.28029693
2.6,-1.438087052,41.97939824,1.462833359,28.75243661,12.89338467,42.09142788
2.7,-2.847283013,41.97954664,1.494920064,28.11955666,12.89411072,41.97791982
2.8,-1.740378996,41.97967801,1.426768059,29.2542569,12.8920554,41.86801296
2.9,-2.292067623,41.97979675,1.504120725,27.87990066,12.89219668,41.84996736
3,-2.587706546,41.97990614,1.42873402,29.23053964,12.89214619,41.88643271
3.1,-1.385678803,41.98000294,0.741640931,27.87830609,12.88988499,20.66867507
3.2,-0.057969894,41.98008517,0.74710238,27.63046055,12.88767629,20.62783043
3.3,-0.436863884,41.98015659,0.718447804,28.63506377,12.88766988,20.59872063
3.4,-1.386423907,41.98022,0.741691274,27.87619212,12.88847813,20.66843774
3.5,-0.057965195,41.98027749,0.747148277,27.62820166,12.88663361,20.62734398
3.6,-0.24080001,41.98032946,0.593087239,28.23594052,12.88656766,16.73971595
3.7,-0.051032808,41.98037646,0.587015607,28.5503001,12.88612401,16.7600711
3.8,-0.220116014,41.98041976,0.579824446,28.85453806,12.88617293,16.73965482
3.9,-0.688745171,41.98046034,0.583281294,28.71580004,12.88662151,16.75441311
4,-0.658395075,41.9804989,0.591567761,28.32087507,12.88650333,16.74887997
,,,,,,
,,,,,,
0,-1.40625E-09,51.64410058,8.024830487,0.004814898,0,0
0.1,-9.0791891,51.64413075,7.961353304,16.49269918,12.9396355,130.3208267
0.2,-10.11913927,51.64421812,7.949540251,18.84760258,12.94394177,147.936215
0.3,-11.4694463,51.64435634,7.908156154,21.91763333,12.94837542,170.3627568
0.4,-12.84179762,51.64454286,7.511475035,25.98848223,12.95275935,193.7997225
0.5,-13.07004065,51.64477457,7.330766222,26.63025906,12.95538163,195.1546884
0.6,-13.05557157,51.64504173,7.319209769,26.6653022,12.95710897,195.1944867
0.7,-13.01858367,51.64533517,7.298396154,26.72701333,12.95835675,195.2529135
0.8,-12.94752352,51.64564805,7.293037025,26.74262216,12.95922913,195.2652895
0.9,-12.86169401,51.64597534,7.296833297,26.73157686,12.95983596,195.2565435
1,-12.95519681,51.6463133,7.330889941,26.62988078,12.96047443,195.1537558
1.1,-10.77827892,51.64665068,5.940586202,27.14966677,12.95733494,160.7065462
1.2,-10.42253692,51.64698022,5.804076296,27.69538449,12.95652154,161.2201071
1.3,-10.99117942,51.64730397,5.904794707,27.30804846,12.95692259,160.9671507
1.4,-10.35273084,51.64762344,5.86471985,27.47132647,12.95594731,161.1253242
1.5,-10.8698034,51.64793974,5.83056748,27.60057014,12.95641055,161.2038503
1.6,-7.822486732,51.64824426,4.455862327,27.88115969,12.95162118,123.9184306
1.7,-8.360032763,51.64853179,4.362893836,28.40006631,12.95142939,124.1941387
1.8,-7.701106069,51.6488068,4.425742599,28.06594967,12.95002786,124.1078124
1.9,-8.53137572,51.64907252,4.41353224,28.13580191,12.95056653,124.1254749
2,-7.672313366,51.64933137,4.381607813,28.30675242,12.94919883,124.228747
2.1,-5.416644957,51.64957486,2.911990187,28.95510344,12.94512145,84.4810034
2.2,-5.135025377,51.64979782,2.910305168,28.96784479,12.94377798,84.47779628
2.3,-4.927657814,51.65000563,2.935383461,28.76771248,12.94278663,84.48929521
2.4,-4.992530705,51.6502022,2.967614273,28.47033927,12.94231585,84.36723892
2.5,-5.361924158,51.65039046,2.983791934,28.29869939,12.94235213,84.23086168
2.6,-1.837645792,51.6505614,1.46360852,28.73974717,12.93659489,42.09300141
2.7,-2.528817526,51.65070941,1.489255196,28.25101408,12.93630435,42.03045914
2.8,-2.084948818,51.65084048,1.453406425,28.89927795,12.934933,42.05970528
2.9,-2.262151288,51.650959,1.492242594,28.18303805,12.93453568,42.00495821
3,-2.326312023,51.65106822,1.452892348,28.90691521,12.93414887,42.0573498
3.1,-0.473536506,51.65116488,0.747943355,27.58854269,12.93097122,20.61848902
3.2,-1.096950985,51.65124697,0.72284653,28.51688168,12.93099382,20.63311614
3.3,-0.154149125,51.65131826,0.744108103,27.7711854,12.92933905,20.65416802
3.4,-1.304100776,51.65138155,0.732345103,28.22653787,12.93032132,20.67791783
3.5,-0.054475147,51.65143892,0.736559061,28.07820452,12.92852906,20.68157085
3.6,-0.470717594,51.65149079,0.595402615,28.09671084,12.92870159,16.71940962
3.7,-0.79101434,51.65153768,0.589096403,28.44967564,12.92883812,16.75772145
3.8,-0.548546597,51.65158089,0.583419028,28.71000317,12.92836365,16.75482368
3.9,-0.383993864,51.65162137,0.581259317,28.79846723,12.92803128,16.74678262
4,-0.178182329,51.65165983,0.582702714,28.739914,12.92768562,16.75253243
,,,,,,
,,,,,,
0,-1.40625E-09,56.47969052,8.024830487,0.004814898,0,0
1,-12.87692731,56.48190204,7.29766012,26.72916374,12.97754038,195.2545826
2,-7.66353878,56.48491668,4.362642551,28.40128799,12.96590341,124.2332058
3,-2.837824043,56.48665102,1.481901196,28.40699369,12.95070841,42.07459471
4,-0.122128169,56.48724177,0.583782109,28.69461613,12.94321715,16.75583623
,,,,,,
,,,,,,
0,-1.40905E-09,61.31528046,8.040823079,0.004824494,0,0
1,-12.96515837,61.31748122,7.30035054,26.47148855,12.99253958,193.4877344
2,-12.9562568,61.32104376,7.296673922,26.48205494,12.99419733,193.4945665
3,-10.20201871,61.32424347,5.867215562,26.83972562,12.98679126,157.5915537
4,-10.40522045,61.32725434,5.839375848,26.94115293,12.98683875,157.6288747
5,-7.988158427,61.32980283,4.436854967,27.38947451,12.97961327,121.4111312
6,-7.891450213,61.33215247,4.435642203,27.39632572,12.97928956,121.4161867
7,-4.527952526,61.33398191,2.944690352,27.81675564,12.97036847,81.96649618
8,-5.629176725,61.33558647,2.989044645,27.41597137,12.97145423,81.77125203
9,-2.451595622,61.33663638,1.484541204,27.3644131,12.9624329,40.61460749
10,-2.415824507,61.33744649,1.474576047,27.53670132,12.96213118,40.62202487
11,-1.353032317,61.33796946,0.739250739,27.33804815,12.95821271,20.20914199
12,-1.333980889,61.33837055,0.736907025,27.42069442,12.95805836,20.20917334
13,-0.07210785,61.33871194,0.587023866,27.63905185,12.95602446,16.22832691
14,-0.767588599,61.33902952,0.586138623,27.67564204,12.9568349,16.2258992
15,-0.049119618,61.33929042,0.441910044,27.43186145,12.95543875,12.12249319
16,-0.048076758,61.33952677,0.442068276,27.42220133,12.95541147,12.12242751
17,-0.006862013,61.33969261,0.293712018,27.49584397,12.95456666,8.075916851
18,-0.006763901,61.33983664,0.293647203,27.50179603,12.95454769,8.075920288
19,-0.004180716,61.33991775,0.146634749,26.70757159,12.95413759,3.916266321
20,-0.003855571,61.33997896,0.146567293,26.71969601,12.95411767,3.916261123
,,,,,,
,,,,,,
0,-1.40905E-09,66.15087041,8.040823079,0.004824494,0,0
1,-12.82203084,66.15306997,7.399416404,26.16542965,13.00600003,193.0732457
2,-13.06453057,66.15662923,7.379509553,26.23054418,13.00813612,193.2135887
3,-10.52091793,66.15982569,5.95431555,26.4847539,13.00053142,157.1981308
4,-10.17348268,66.16283347,5.843840484,26.92522179,12.99989336,157.6261806
5,-8.164349186,66.16537956,4.435260791,27.3984752,12.99268383,121.4238284
6,-8.081363733,66.16772709,4.451684036,27.30358136,12.99235396,121.3403512
7,-4.551080516,66.16955485,2.926133384,27.96052959,12.98269686,81.96045034
8,-5.473845255,66.17115814,2.998215908,27.32011833,12.98354529,81.69087755
9,-2.088512922,66.1722071,1.465220962,27.68361231,12.97369761,40.60397736
10,-1.896141603,66.17301652,1.480188725,27.44187892,12.97318551,40.621672
11,-1.07918489,66.17353907,0.751570966,26.81462477,12.96927729,20.13557127
12,-0.122044855,66.17393981,0.750190072,26.88263972,12.96798277,20.15129976
13,-0.087847753,66.17428097,0.584540986,27.73959233,12.96735898,16.221261
14,-0.751445114,66.17459836,0.588855101,27.56053718,12.96812972,16.23027008
15,-0.046689345,66.17485908,0.441906807,27.43205845,12.96668937,12.12249422
16,-0.046565538,66.17509525,0.441926462,27.43086191,12.96666026,12.12248775
17,-0.017372748,66.17526075,0.293932608,27.47541091,12.96556394,8.075847543
18,-0.016822449,66.17540469,0.293731819,27.494021,12.96554636,8.07591428
19,-0.009212247,66.17548536,0.146736095,26.68917102,12.96517357,3.916243913
20,-0.008774458,66.17554615,0.14670964,26.69399587,12.9651557,3.9162533
,,,,,,
,,,,,,
0,-1.40905E-09,70.98646035,8.040823079,0.004824494,0,0
1,-13.05116291,70.98865885,7.366106742,26.27328528,13.019026,193.2782558
2,-13.03051419,70.99221505,7.388610151,26.20102489,13.02107046,193.1645792
3,-10.38424733,70.99540863,5.953964797,26.48631869,13.0127809,157.1998602
4,-10.18436676,70.99841362,5.820573817,27.00692383,13.01228951,157.6350657
5,-8.174819726,71.0009571,4.417451363,27.49616967,13.00448586,121.4773571
6,-8.219393606,71.00330223,4.430797816,27.42344319,13.00427941,121.43973
7,-4.554462349,71.00512854,2.945150559,27.81303647,12.99380308,81.96610381
8,-5.531471776,71.00673085,2.987529225,27.43130845,12.99468076,81.78306913
9,-2.187360417,71.00777855,1.456159635,27.81451971,12.98416149,40.56695792
10,-1.753391769,71.00858665,1.465755086,27.67556516,12.98332189,40.60567796
11,-1.289318483,71.00910854,0.745906423,27.07679968,12.97948237,20.18708339
12,-0.565434346,71.00950897,0.753335598,26.72323961,12.97845576,20.11131472
13,-0.314603693,71.00984994,0.582978325,27.79971837,12.97749793,16.21435268
14,-0.04245963,71.01016721,0.591712205,27.42959917,12.97713952,16.22866802
15,-0.04445034,71.01042778,0.441922823,27.43108352,12.97647696,12.12248898
16,-0.023284878,71.01066378,0.441964271,27.42855767,12.97641336,12.12247282
17,-0.029066496,71.01082843,0.293904753,27.47800633,12.97506035,8.075861257
18,-0.028442504,71.01097151,0.293781543,27.48943356,12.97504452,8.075904667
19,-0.015049185,71.01105201,0.14657274,26.71872051,12.97470511,3.916262132
20,-0.014239656,71.01111278,0.146663983,26.70228682,12.97468876,3.916263609
,,,,,,
,,,,,,
0,-1.40905E-09,75.82205029,8.040823079,0.004824494,0,0
1,-12.94127473,75.82424779,7.293774361,26.4903524,13.03132525,193.4996148
2,-12.73591898,75.82780116,7.386942642,26.20646459,13.03343898,193.146716
3,-10.28703771,75.83099214,5.943487341,26.53249507,13.02466401,157.2718438
4,-10.21029325,75.83399462,5.806698795,27.05415381,13.02428335,157.6288957
5,-8.099550239,75.83653574,4.385868078,27.65779114,13.01559353,121.5106028
6,-8.183232699,75.83887845,4.400405878,27.58511755,13.01539569,121.5043337
7,-4.586308529,75.84070339,2.936038949,27.8852461,13.00415653,81.96874974
8,-5.430490766,75.8423049,2.988683625,27.41963753,13.00483499,81.77443149
9,-2.508660109,75.84335159,1.45776759,27.79202733,12.99389652,40.56807477
10,-2.052290655,75.8441585,1.446112593,27.94859525,12.99297962,40.50692076
11,-1.34266839,75.84467983,0.739368969,27.333763,12.98838979,20.20904478
12,-0.84118381,75.84507998,0.752718894,26.75577826,12.98761153,20.12046082
13,-0.364986586,75.84542077,0.584213814,27.75237293,12.98629246,16.219661
14,-0.156470678,75.84573789,0.585298451,27.7095972,12.98600706,16.22355498
15,-0.042768202,75.84599832,0.441959672,27.42883815,12.98510958,12.12247578
16,-0.042576125,75.84623418,0.441998982,27.42643916,12.9850719,12.12245993
17,-0.04275138,75.84639833,0.293702341,27.49673418,12.98334172,8.075917848
18,-0.041634312,75.84654115,0.293659268,27.50068987,12.98332721,8.075920225
19,-0.021799845,75.84662144,0.146755509,26.68562042,12.98301963,3.916235418
20,-0.020645729,75.84668218,0.146615198,26.71109571,12.98300455,3.916266453
,,,,,,
,,,,,,
0,-1.40905E-09,80.65764023,8.040823079,0.004824494,0,0
1,-12.86206625,80.65983676,7.274525356,26.54465774,13.04401244,193.5258143
2,-12.56956874,80.66338723,7.334656171,26.37035146,13.0464013,193.3823719
3,-10.17439064,80.66657556,5.924120751,26.61510044,13.03673524,157.3859241
4,-10.35123029,80.66957557,5.807408068,27.05176532,13.03661106,157.6259519
5,-8.167040852,80.67211441,4.390156486,27.63664299,13.02682236,121.5101226
6,-8.236027664,80.67445506,4.406592347,27.55332053,13.02655791,121.496966
7,-5.417665511,80.6762882,2.925635041,28.21822011,13.015273,82.68811871
8,-5.23237971,80.67790277,2.908810467,28.34159572,13.01466116,82.65366497
9,-2.507191096,80.67895747,1.443066024,28.25322649,13.00265591,40.86574479
10,-2.058215521,80.67977001,1.434149014,28.36344998,13.00168358,40.79433087
11,-0.390655982,80.68029311,0.719286641,27.93389744,12.99525763,20.11889848
12,-0.27156273,80.68069319,0.722179894,27.86015795,12.9948962,20.14264473
13,-0.103044681,80.68103381,0.587851591,27.60404902,12.99384492,16.2294123
14,-0.052070497,80.68135074,0.589170362,27.54661461,12.9937391,16.23077019
15,-0.041150712,80.681611,0.442026272,27.42477156,12.99284197,12.12244784
16,-0.041205176,80.68184673,0.442017643,27.42529905,12.9927984,12.12245176
17,-0.0600687,80.68201022,0.293483289,27.64924586,12.99063175,8.114673577
18,-0.058447516,80.68215265,0.293736616,27.62567468,12.99061887,8.114605321
19,-0.030066125,80.6822328,0.146757577,26.68524164,12.99033921,3.916234433
20,-0.028514659,80.68229315,0.146742121,26.68806986,12.99032558,3.916241422
,,,,,,
,,,,,,
0,-1.40905E-09,99.9516441,8.040823079,0.004824494,0,0
1,-11.64272076,99.953751,7.326319254,26.39536559,14.11060196,193.4957194
2,-11.83777267,99.95706934,7.397420268,26.17205018,14.11974524,193.2506941
3,-9.457058108,99.96004272,5.837393602,26.94818676,14.10014653,157.6381113
4,-9.932958673,99.96284024,5.894288894,26.73598336,14.10156848,157.5905116
5,-7.351539017,99.96520705,4.468857152,27.19882755,14.08041386,121.308225
6,-7.045429179,99.96738907,4.443338829,27.35240902,14.08045,121.4289372
7,-5.137778331,99.96909742,2.969244983,27.85079795,14.05767582,82.62205782
8,-4.973821917,99.97060224,2.946619246,28.05107643,14.05736324,82.67553538
9,-1.700489556,99.97158482,1.431181499,28.39857624,14.030208,40.74843913
10,-1.308672456,99.97234158,1.498615168,27.32565693,14.02908796,40.90244705
11,-0.144232162,99.97282893,0.726692701,27.73788557,14.01591073,20.17018202
12,-0.673396881,99.97320185,0.749448695,26.91798801,14.01622133,20.16097975
13,-0.165109429,99.97351926,0.586308094,27.66870297,14.01343992,16.22495369
14,-0.32842546,99.97381454,0.585638269,27.69595202,14.0137038,16.2228061
15,0.000420914,99.97405022,0.441103115,27.48020993,14.01104372,12.12161177
16,-0.004723469,99.97426429,0.4410907,27.48094216,14.01106636,12.1215838
17,0.259565809,99.97440913,0.293727888,27.62649296,14.00911497,8.114609663
18,0.253878749,99.97453607,0.293744421,27.62494262,14.00907647,8.114601301
19,-0.122507643,99.9746081,0.14667386,26.70049699,14.00406152,3.916262007
20,-0.116638734,99.97466284,0.146725315,26.69113888,14.00409143,3.916248039
0,-1.40625E-09,8.123791103,8.024830487,0.004814898,0,0
0.1,14.60003208,8.123734304,7.966126939,15.21972983,11.90002107,120.3092544
0.2,13.48001546,8.123591715,7.957470297,17.40095494,11.87291482,136.5962372
0.3,12.04357447,8.123394518,7.937349728,20.24942763,11.85765629,157.6452886
0.4,10.24338869,8.123168114,7.798591981,24.09739937,11.85240171,184.1755942
0.5,9.752084792,8.122932732,7.254951048,26.85044886,11.85191628,195.2552816
0.6,9.830725513,8.12269629,7.284062079,26.76851409,11.85152027,195.2597164
0.7,9.665954457,8.122459278,7.335048408,26.61712714,11.85148717,195.0405166
0.8,9.581746918,8.12222185,7.343437981,26.59116303,11.85140519,194.9213786
0.9,9.528836358,8.121984118,7.335863287,26.61461905,11.85132261,194.9616144
1,9.50565373,8.121746163,7.315487927,26.67646755,11.85123147,195.0586388
1.1,12.42130877,8.121498936,5.820998939,27.63533273,11.84056598,161.2607958
1.2,11.88324447,8.121237045,5.936937543,27.16642108,11.83605522,160.7110658
1.3,11.95105816,8.120964436,5.803769452,27.6964571,11.83212966,161.2796176
1.4,12.35110203,8.120683964,5.882196812,27.40178232,11.82886963,161.0716701
1.5,11.71865797,8.12039772,5.911601048,27.27891083,11.82755011,160.9032842
1.6,14.93662021,8.12009709,4.324094146,28.57986269,11.81423001,124.173919
1.7,15.21445172,8.119777095,4.381894731,28.30528459,11.80708403,124.2316366
1.8,14.95655129,8.119442932,4.460819371,27.84884164,11.80238449,123.8775579
1.9,14.43020059,8.119098366,4.470590667,27.78337272,11.7992984,123.7873307
2,14.27214522,8.118746165,4.411412304,28.14766135,11.7967176,124.1676981
2.1,17.29318302,8.118377187,2.996349858,28.15217651,11.7823891,84.08090814
2.2,18.13128496,8.117986092,2.977324812,28.36943118,11.77356112,84.29243679
2.3,18.14942433,8.117578817,2.917753424,28.91079896,11.76774324,84.48947093
2.4,17.68859941,8.117159664,2.898370431,29.05549937,11.76403462,84.44607477
2.5,17.28794562,8.116731796,2.933473737,28.78380176,11.7613943,84.49134369
2.6,20.62027754,8.116285408,1.444671578,29.02440214,11.7455329,42.01179451
2.7,21.25240291,8.115814491,1.435417914,29.1472346,11.73607536,41.94442531
2.8,21.6460553,8.115325582,1.462116482,28.76408386,11.72921495,42.08982482
2.9,21.44183523,8.114823435,1.490822441,28.21571307,11.72475191,42.01767116
3,20.92225146,8.114311543,1.502663901,27.92032932,11.72187553,41.87425838
3.1,22.92543607,8.113786332,0.71576784,28.70294029,11.71189633,20.57427213
3.2,23.37446239,8.113245615,0.743412742,27.80212793,11.70586206,20.65886963
3.3,22.1646444,8.112693481,0.752944916,27.31290946,11.70323978,20.54163277
3.4,21.80740369,8.112132956,0.731350635,28.25958403,11.70054431,20.67543397
3.5,22.73493365,8.111566266,0.715171856,28.71764512,11.69712694,20.56850381
3.6,22.66673207,8.110993816,0.596360624,28.03518046,11.69467151,16.70847768
3.7,23.34463346,8.110416161,0.589210711,28.44395145,11.69189104,16.75746419
3.8,23.15856722,8.109834678,0.57555975,29.01002341,11.69062803,16.71105801
3.9,22.30166565,8.109250382,0.584555755,28.66130472,11.69059119,16.7576485
4,22.72886822,8.108664023,0.597018202,27.99146726,11.68930146,16.70002233
0,-1.40625E-09,12.95938104,8.024830487,0.004814898,0,0
0.1,15.49032238,12.95932102,7.964210872,15.74822083,12.34056175,124.4916456
0.2,14.40117094,12.95916987,7.954492562,18.0073629,12.32283359,141.3737779
0.3,12.99465392,12.95896001,7.927891399,20.95172757,12.31295345,163.0638681
0.4,11.32996671,12.95871771,7.710352619,24.90329563,12.30952763,188.99232
0.5,11.17679089,12.9584628,7.301564891,26.71773109,12.3078925,195.1730166
0.6,11.13494715,12.95820237,7.339563622,26.60319269,12.30672922,195.0179564
0.7,11.01360938,12.95793792,7.362790439,26.53003403,12.30597537,194.8936908
0.8,10.83354013,12.95767053,7.369310561,26.50903486,12.30552283,194.8547036
0.9,10.81538021,12.95740097,7.326995968,26.64175477,12.30504414,195.096214
1,11.00303443,12.95712981,7.276366078,26.79047431,12.30444726,195.2446559
1.1,13.71284092,12.95684865,5.82543697,27.61928395,12.29662175,161.2367942
1.2,13.45189395,12.95655247,5.9106514,27.28300254,12.29362256,160.8955674
1.3,13.2053248,12.95624527,5.915948262,27.2600692,12.29146366,160.8738544
1.4,13.11604985,12.95592994,5.863418386,27.47640861,12.28974858,161.149395
1.5,13.37730902,12.95560864,5.795027276,27.72678114,12.28808821,161.2795924
1.6,15.73528556,12.95527313,4.394801769,28.2380172,12.27948266,124.2124588
1.7,15.68537428,12.95491858,4.414077398,28.13273966,12.27533218,124.158282
1.8,15.68375029,12.95455005,4.433121567,28.02239664,12.27222621,124.0715345
1.9,15.7307625,12.9541712,4.449017156,27.92485114,12.26987383,123.97082
2,15.85495881,12.95378476,4.459559546,27.85711068,12.26802679,123.8883121
2.1,19.54994075,12.95338196,2.952291926,28.61821873,12.25704928,84.4472669
2.2,18.3119223,12.95295753,2.929658715,28.81549685,12.2537281,84.49389451
2.3,19.48544955,12.95251723,2.965181408,28.49470103,12.24880371,84.38291104
2.4,18.38449379,12.95206522,2.913936146,28.94027098,12.24748177,84.48430972
2.5,19.37671457,12.95160458,2.979076821,28.35056189,12.24438801,84.27672916
2.6,21.58735673,12.95112591,1.506640737,27.80745133,12.23456798,41.80387438
2.7,22.59661922,12.9506234,1.499935634,27.99339114,12.22805502,41.91544878
2.8,22.75145893,12.95010333,1.463922976,28.73457093,12.22392366,42.09359178
2.9,22.20293828,12.94957033,1.437050239,29.12622834,12.22166987,41.95744499
3,21.63744769,12.94902781,1.452608115,28.91112246,12.2202151,42.05602135
3.1,23.21363314,12.94847231,0.721394716,28.55687933,12.21378626,20.62260032
3.2,22.98170235,12.94790174,0.738409872,28.00832652,12.21072018,20.67927552
3.3,23.31725676,12.94732006,0.748414273,27.56456906,12.20784184,20.61285197
3.4,23.8216014,12.94673019,0.749824341,27.49050161,12.20538822,20.59412432
3.5,24.27824582,12.94613427,0.743807693,27.78462846,12.20345007,20.6562606
3.6,23.91636248,12.94553273,0.57934555,28.87280455,12.2022673,16.73697958
3.7,24.04464811,12.9449261,0.597077543,27.98746038,12.20098786,16.69921937
3.8,23.94500754,12.94431571,0.579341631,28.87295314,12.20019537,16.73695709
3.9,24.2043301,12.94370255,0.596194841,28.04600681,12.19926897,16.71048441
4,23.82325789,12.94308735,0.580288557,28.83662536,12.19919669,16.74210821
0,-1.40625E-09,17.79497099,8.024830487,0.004814898,0,0
0.1,15.9218033,17.79490947,7.963205458,16.01666326,12.54226552,126.6006123
0.2,14.85262228,17.79475435,7.952885244,18.30214584,12.52927852,143.6806813
0.3,13.46671548,17.7945386,7.922172892,21.28385041,12.52220033,165.5942552
0.4,11.88580096,17.79428885,7.655054557,25.27214955,12.51987074,190.8918169
0.5,11.65686678,17.79402473,7.250622269,26.86237612,12.5184257,195.3102908
0.6,11.51521479,17.7937531,7.284995343,26.76583599,12.51738785,195.2489629
0.7,11.44536477,17.79347597,7.326179788,26.64423525,12.51658009,195.119169
0.8,11.4654142,17.79319478,7.357105557,26.54817445,12.51589681,194.9767441
0.9,11.53178525,17.79291059,7.372997316,26.49706784,12.51532851,194.886966
1,11.64205677,17.79262421,7.369792023,26.50747591,12.51483268,194.8788132
1.1,13.88312636,17.79232751,5.830630901,27.60033772,12.50877814,161.1883456
1.2,13.87269179,17.79201563,5.834932221,27.58451112,12.50634627,161.1808436
1.3,13.86718767,17.7916926,5.835781093,27.58137291,12.50454681,161.1792507
1.4,13.86320372,17.79136133,5.836419793,27.57900845,12.50321626,161.1780287
1.5,13.86025665,17.791024,5.836891916,27.57725885,12.50223171,161.1771122
1.6,16.15638895,17.79067249,4.434789993,28.01240219,12.49530237,124.0627184
1.7,16.5315111,17.79030206,4.477889021,27.73285416,12.491815,123.7116649
1.8,16.9721079,17.78991771,4.421201639,28.09224145,12.48902597,124.1298763
1.9,16.82597142,17.7895231,4.355906455,28.43374273,12.48752442,124.2327929
2,16.47399377,17.78912091,4.360870745,28.40987942,12.48671275,124.2370233
2.1,19.85217123,17.78870252,2.925624088,28.84839029,12.47796651,84.49444595
2.2,19.21197761,17.7882628,2.957155862,28.57266115,12.47530747,84.42652559
2.3,19.77141835,17.78780742,2.910451458,28.96674234,12.47208773,84.47809904
2.4,19.29784657,17.78734047,2.968223884,28.46417931,12.47079091,84.36313134
2.5,19.49817238,17.78686498,2.896948647,29.06565226,12.46914044,84.44128371
2.6,22.53406378,17.7863717,1.500325621,27.9831502,12.46037238,41.90989014
2.7,23.36997745,17.78585484,1.460270283,28.79369853,12.45553376,42.08505634
2.8,22.07505,17.78532059,1.437442719,29.12113699,12.45425414,41.9605056
2.9,22.13825675,17.7847735,1.500723722,27.97262795,12.45212795,41.90410497
3,23.34005679,17.78421693,1.4822035,28.40087226,12.44912663,42.07325907
3.1,23.88247154,17.78364753,0.752069642,27.36479247,12.44524223,20.55802596
3.2,24.52692725,17.78306325,0.751329161,27.40737854,12.44204861,20.57084143
3.3,24.84226597,17.78246798,0.743472215,27.79950535,12.43985908,20.65848695
3.4,24.78718787,17.78186459,0.732720222,28.21388917,12.4385886,20.67870269
3.5,24.5917656,17.78125521,0.722122329,28.53696086,12.43782491,20.62797792
3.6,24.79313651,17.78064025,0.582191131,28.76092399,12.43645478,16.7506641
3.7,24.84109374,17.78002025,0.59197933,28.29833131,12.43557121,16.74669692
3.8,24.0528278,17.77939652,0.592178757,28.28728678,12.43590366,16.74556093
3.9,24.43908091,17.77877005,0.576973439,28.96020805,12.4349529,16.72168609
4,24.82548973,17.77814156,0.588769381,28.46593488,12.43415148,16.75838098
0,-1.40625E-09,22.63056093,8.024830487,0.004814898,0,0
0.1,16.1825593,22.63049856,7.962641268,16.16431506,12.65793327,127.7525142
0.2,15.12138279,22.63034116,7.951946562,18.46418861,12.64780132,144.9435085
0.3,13.74566117,22.63012201,7.918587572,21.46685505,12.64243472,166.9782478
0.4,12.21649463,22.62986797,7.619565409,25.47556962,12.64081785,191.833502
0.5,11.81524525,22.62959851,7.368838947,26.5105608,12.63977616,194.9372455
0.6,12.05842561,22.62932043,7.372967171,26.49716597,12.63839308,194.8859514
0.7,12.21673511,22.629036,7.327870899,26.63909255,12.63739238,195.1117226
0.8,12.26208273,22.62874688,7.27546227,26.79303888,12.63673623,195.2710984
0.9,12.21530178,22.6284543,7.235032371,26.90480724,12.63634589,195.3263446
1,12.00643615,22.62815917,7.242839536,26.88365984,12.63626609,195.3236378
1.1,14.33726398,22.62785353,5.840160464,27.56510417,12.63081903,161.1713413
1.2,14.33609984,22.62753264,5.84339053,27.5530196,12.62889016,161.1642437
1.3,14.34948026,22.62720053,5.845535337,27.54495472,12.62744724,161.1592904
1.4,14.37938214,22.62686014,5.847121012,27.53897126,12.62635627,161.1555531
1.5,14.39233117,22.62651363,5.854773023,27.5098416,12.62556044,161.1350657
1.6,16.9019323,22.62615303,4.465340463,27.81884791,12.61929585,123.8377056
1.7,17.23451464,22.62577359,4.404985917,28.18314903,12.61650337,124.1883714
1.8,16.963013,22.62538028,4.368652253,28.37184871,12.61505858,124.2389354
1.9,16.59713965,22.62497673,4.417982716,28.1106512,12.61419669,124.1337405
2,16.93197293,22.62456561,4.458119876,27.86651362,12.61283676,123.9007521
2.1,20.2223168,22.62413838,2.892025776,29.10035505,12.60520396,84.42311221
2.2,19.79141737,22.62368993,2.981972662,28.31890049,12.60305,84.249194
2.3,19.30599447,22.62322584,2.924422612,28.85806499,12.60162761,84.49419567
2.4,20.29587325,22.62275021,2.906448187,28.99666062,12.59896718,84.46925401
2.5,19.68927985,22.62226605,2.98568701,28.2773942,12.5986197,84.21090212
2.6,23.36834875,22.6217642,1.498624484,28.02734742,12.59018996,41.93336637
2.7,22.92461882,22.62123896,1.41788255,29.35737252,12.58771476,41.77764668
2.8,22.28924031,22.62069645,1.500575224,27.97656103,12.58631081,41.90627612
2.9,23.75027116,22.62014117,1.467952934,28.66672087,12.58291277,42.0986234
3,22.16297765,22.61957645,1.445782177,29.00901764,12.58359866,42.01877935
3.1,23.90997016,22.618999,0.725630408,28.43721162,12.57897385,20.65078078
3.2,23.78874374,22.61840678,0.746737277,27.64831421,12.57725567,20.63160639
3.3,24.7036303,22.61780367,0.751826859,27.3788836,12.57476935,20.56233127
3.4,25.08018357,22.61719249,0.737318339,28.04991458,12.57326416,20.68093929
3.5,24.70584668,22.61657535,0.71966794,28.60316287,12.57293234,20.60900543
3.6,25.11143368,22.61595267,0.592058351,28.2939646,12.57157334,16.74625297
3.7,24.49255003,22.61532497,0.578231745,28.91446513,12.57165919,16.73021137
3.8,25.05854585,22.61469358,0.595031467,28.11989926,12.57051744,16.72322641
3.9,24.78249311,22.61405945,0.576606158,28.97330655,12.57046628,16.71902912
4,24.73872586,22.6134233,0.596225221,28.04402858,12.57027253,16.71012035
0,-1.40625E-09,27.46615087,8.024830487,0.004814898,0,0
0.1,16.33415832,27.46608795,7.962301,16.25227122,12.73296564,128.4478926
0.2,15.27824736,27.4659291,7.951332929,18.56623625,12.72473883,145.745259
0.3,13.90854578,27.46570779,7.916070158,21.58577183,12.72052569,167.8783264
0.4,12.41703038,27.46545103,7.593911096,25.61015204,12.71940375,192.410234
0.5,12.14323103,27.46517816,7.385446721,26.45614685,12.71838316,194.8359837
0.6,12.30117515,27.46489594,7.368160133,26.51275523,12.71721657,194.9392758
0.7,12.3755106,27.46460684,7.336406165,26.6129465,12.71640347,195.0955519
0.8,12.39399135,27.46431264,7.304867662,26.70801372,12.71584493,195.2093487
0.9,12.35689291,27.46401468,7.282160991,26.77395932,12.71549187,195.2674346
1,12.29279654,27.46371395,7.273386125,26.79891864,12.71527415,195.2846845
1.1,14.26441132,27.46340256,5.879778364,27.41155331,12.7107135,161.0575629
1.2,14.41421331,27.46307583,5.929420397,27.20048546,12.70893743,160.7727428
1.3,14.81111019,27.46273779,5.889481919,27.37205189,12.70727606,161.0012796
1.4,14.86176929,27.4623914,5.797456134,27.71840136,12.70633296,161.219201
1.5,14.41837671,27.46203884,5.805186057,27.69150046,12.70621408,161.2162702
1.6,17.05540332,27.46167218,4.464990007,27.82119098,12.70038052,123.8327361
1.7,17.57765979,27.46128674,4.369180807,28.36923712,12.69778581,124.2388818
1.8,16.83579079,27.46088745,4.370412817,28.36313547,12.69722298,124.2270002
1.9,16.98824889,27.46047795,4.466946676,27.80806958,12.69597848,123.814627
2,17.58205925,27.46006088,4.386463072,28.28175517,12.69446475,124.2269524
2.1,20.23983251,27.45962781,2.876932463,29.20264092,12.68826392,84.35290523
2.2,20.58957299,27.45917361,2.95083171,28.63166018,12.68564882,84.45269848
2.3,19.82320135,27.45870381,3.00024565,28.10397641,12.68494335,84.02533164
2.4,19.35129462,27.4582225,2.95142756,28.62618816,12.68428852,84.45052579
2.5,20.05743905,27.45773267,2.877710829,29.1975098,12.68253606,84.35703509
2.6,23.72935277,27.45722524,1.495621872,28.10249139,12.67485603,41.97013744
2.7,22.77338313,27.45669454,1.439137406,29.09896883,12.6735485,41.97340407
2.8,23.22033997,27.45614668,1.50601819,27.82565793,12.67123897,41.81576062
2.9,23.16649582,27.45558612,1.433504569,29.17151825,12.66994266,41.9285794
3,22.56834062,27.45501619,1.502888492,27.91416308,12.66969859,41.87062127
3.1,24.5008442,27.45443357,0.747714033,27.60008515,12.6653028,20.62112717
3.2,25.08949462,27.45383627,0.72489363,28.45869383,12.66303622,20.64643868
3.3,24.03864785,27.45322811,0.740064099,27.94311138,12.6631646,20.67495677
3.4,25.06935271,27.45261193,0.740207742,27.93731794,12.6610808,20.67447466
3.5,24.24191537,27.4519898,0.724251058,28.47719204,12.66143311,20.64245287
3.6,24.67020391,27.45136215,0.596133178,28.05001424,12.66021206,16.71121829
3.7,25.15981584,27.4507295,0.581938303,28.77120183,12.65907798,16.74967121
3.8,24.45233285,27.45009316,0.593294266,28.22399454,12.65954289,16.73822533
3.9,25.22409709,27.44945408,0.58486837,28.64763595,12.65831306,16.75824392
4,24.42543109,27.44881298,0.58905141,28.45192291,12.65905485,16.75781889
0,-1.40625E-09,32.30174081,8.024830487,0.004814898,0,0
0.1,16.44043374,32.30167751,7.962060487,16.31393044,12.78556531,128.9353041
0.2,15.38827489,32.30151764,7.950891477,18.63780339,12.77869769,146.3072899
0.3,14.02294138,32.30129482,7.914209247,21.66917736,12.77531141,168.5077478
0.4,12.55940017,32.30103614,7.574867996,25.70429252,12.77455099,192.7894188
0.5,12.38486612,32.30076087,7.252672833,26.85673414,12.77355,195.3202327
0.6,12.17627482,32.30047574,7.358258515,26.54450792,12.7729267,195.0171141
0.7,12.43808201,32.30018332,7.376779923,26.48471857,12.77196587,194.8888424
0.8,12.59529744,32.29988551,7.23427455,26.9068493,12.77129152,195.3306405
0.9,12.1673109,32.29958374,7.351794492,26.56498283,12.77145193,195.0485404
1,12.57596223,32.29927902,7.34338016,26.59134306,12.77069976,195.0645841
1.1,14.69647692,32.2989636,5.852250234,27.51949252,12.76628648,161.1509019
1.2,14.69941883,32.29863283,5.854594351,27.51052665,12.76492084,161.1446784
1.3,14.71123055,32.29829074,5.852792009,27.5174239,12.76389885,161.1495505
1.4,14.7404169,32.29794028,5.855305926,27.50779698,12.76311838,161.142867
1.5,14.7719381,32.29758364,5.866075158,27.46602017,12.76252927,161.1099664
1.6,17.24302612,32.29721295,4.461530163,27.84415933,12.75729686,123.8635371
1.7,17.54280524,32.2968235,4.411640863,28.14638643,12.75526972,124.1577504
1.8,17.3359401,32.29642023,4.378914779,28.3204732,12.754284,124.2238474
1.9,17.07198938,32.29600675,4.409003625,28.16104331,12.75369187,124.1733532
2,17.26259739,32.29558572,4.449225508,27.92353683,12.75279382,123.9610805
2.1,20.14310115,32.29514867,2.879762241,29.1839141,12.74677424,84.3676631
2.2,20.67877345,32.29469054,2.93375344,28.78145472,12.74426852,84.49107704
2.3,20.14462699,32.29421685,2.985669867,28.27758815,12.74353178,84.21108684
2.4,19.64126087,32.29373167,2.965025461,28.49625068,12.74310544,84.38387553
2.5,19.87182859,32.293238,2.887348919,29.13269498,12.74205862,84.40363892
2.6,23.88300121,32.29272677,1.492337385,28.18083312,12.73447061,42.00407045
2.7,22.53313083,32.29219233,1.444396538,29.02818974,12.73400948,42.0100265
2.8,23.6692247,32.29164075,1.500272321,27.98455374,12.73113751,41.91065617
2.9,22.74529433,32.29107648,1.431053181,29.20211266,12.73109189,41.90738233
3,23.38351065,32.29050285,1.504798793,27.86072801,12.7295118,41.83808539
3.1,24.87306692,32.28991657,0.752125519,27.3615313,12.7259686,20.55702051
3.2,25.35733295,32.28931565,0.733141992,28.19954427,12.72406575,20.679483
3.3,24.66492277,32.28870389,0.718454194,28.63489839,12.72392023,20.59877591
3.4,24.04604062,32.28808413,0.743668452,27.79082031,12.72395941,20.6571987
3.5,25.18677374,32.28745844,0.750220968,27.46901861,12.72206355,20.58833155
3.6,24.95231612,32.28682724,0.577469894,28.94232313,12.72171423,16.72515786
3.7,25.40933262,32.28619105,0.591999577,28.29721361,12.72072068,16.74658394
3.8,24.57521882,32.28555119,0.585485933,28.62026963,12.72138982,16.75918122
3.9,25.37911308,32.2849086,0.585771142,28.60746403,12.72017456,16.75950453
4,24.70400056,32.284264,0.593716938,28.1993118,12.72080833,16.73499224
0,-1.40625E-09,37.13733075,8.024830487,0.004814898,0,0
0.1,16.53470109,37.13726717,7.961872814,16.36174363,12.82446424,129.3042901
0.2,15.48423752,37.13710652,7.950564204,18.68988284,12.81861495,146.7102712
0.3,14.12215332,37.13688255,7.91285048,21.72785483,12.81584893,168.9461626
0.4,12.67813303,37.1366224,7.561189078,25.76919901,12.81536524,193.0380523
0.5,12.72378464,37.13634531,7.28574226,26.76369026,12.81422528,195.2597141
0.6,12.63277468,37.13605801,7.266510582,26.81827878,12.81354375,195.3044219
0.7,12.65672913,37.13576315,7.266832485,26.81737617,12.81293068,195.3040253
0.8,12.65759591,37.13546273,7.268266814,26.8133498,12.81249702,195.3019288
0.9,12.55148379,37.13515818,7.270232862,26.8078188,12.81230342,195.2986952
1,12.44887598,37.13485058,7.288869978,26.754682,12.81218921,195.263586
1.1,14.67654406,37.13453217,5.9381215,27.16100047,12.80788906,160.7050358
1.2,15.13279996,37.13419834,5.856727706,27.50233163,12.80614919,161.1398159
1.3,14.96562972,37.13385313,5.797041288,27.71983506,12.80546577,161.218828
1.4,14.59277765,37.13349953,5.842713899,27.55555712,12.80526221,161.1793561
1.5,14.5271213,37.1331397,5.92836907,27.20520193,12.80486297,160.8008363
1.6,17.31473984,37.13276578,4.480549087,27.7140784,12.79954466,123.6749835
1.7,17.75907507,37.13237312,4.356848561,28.42923739,12.79755818,124.222899
1.8,16.96694378,37.13196666,4.411189251,28.1489047,12.79744122,124.166194
1.9,17.67052609,37.13154999,4.456650207,27.87606184,12.79581173,123.9046581
2,17.52867658,37.13112578,4.336534166,28.52406415,12.79538629,124.1926984
2.1,20.2663352,37.13068561,2.912088292,28.95435871,12.78989404,84.48119216
2.2,20.49790777,37.13022446,2.943866483,28.69435165,12.78800241,84.47378561
2.3,20.23299643,37.12974784,2.972072529,28.42476095,12.78712653,84.33540291
2.4,19.96399964,37.1292598,2.944189451,28.69149527,12.78655842,84.47297171
2.5,20.2715785,37.12876331,2.922339263,28.87471268,12.78553081,84.49332128
2.6,23.63446515,37.12824931,1.481210393,28.42089484,12.77908033,42.07750467
2.7,22.91439866,37.12771218,1.463534636,28.74096096,12.77815184,42.09285864
2.8,23.50915126,37.12715798,1.48514268,28.34010512,12.77612185,42.05820671
2.9,22.9972777,37.12659115,1.455811129,28.86306721,12.77574784,42.06990113
3,23.43134676,37.12601498,1.489010469,28.25645675,12.77451067,42.03234186
3.1,24.91712662,37.12542618,0.750405099,27.45894389,12.77120479,20.58556039
3.2,25.35732055,37.12482273,0.723262879,28.50522066,12.76952358,20.63597162
3.3,24.15415729,37.12420843,0.732949599,28.20610409,12.77012898,20.67914057
3.4,25.01646984,37.12358611,0.75022876,27.46859356,12.76848099,20.58821534
3.5,25.335828,37.12295786,0.722634419,28.52278931,12.76761837,20.63163372
3.6,25.28039402,37.12232411,0.581724693,28.779832,12.76715598,16.74879707
3.7,25.07537451,37.12168537,0.5815573,28.78656111,12.76701239,16.74808974
3.8,24.92449162,37.12104295,0.58461432,28.6587533,12.76690591,16.75776613
3.9,24.73424587,37.12039781,0.589706617,28.4188666,12.76692232,16.75618466
4,24.96063375,37.11975066,0.594286969,28.16538036,12.76649373,16.73021612
0,-1.40625E-09,41.9729207,8.024830487,0.004814898,0,0
0.1,16.59526654,41.97285689,7.961734321,16.39685671,12.85442557,129.5817922
0.2,15.54697924,41.97269566,7.950304307,18.73065727,12.84936753,147.0302881
0.3,14.18748604,41.97247083,7.911718772,21.77538077,12.84708577,169.303412
0.4,12.76048735,41.97220959,7.549571201,25.82267772,12.84681885,193.2355518
0.5,12.68487514,41.97193113,7.284446281,26.76741198,12.84592316,195.2731509
0.6,12.62641369,41.97164216,7.284980829,26.76587766,12.84527436,195.2719937
0.7,12.51979856,41.97134542,7.304006566,26.71055142,12.84487053,195.2389672
0.8,12.3972657,41.97104295,7.349329687,26.57273841,12.84462478,195.0803658
0.9,12.46625016,41.97073623,7.376057629,26.48708229,12.84425157,194.9198665
1,12.60883421,41.97042637,7.370500051,26.50518126,12.8438647,194.9505217
1.1,14.79902329,41.97010565,5.936893703,27.16662151,12.83979253,160.7362859
1.2,15.20615698,41.96976948,5.795413976,27.72544929,12.8382444,161.2195875
1.3,14.63356148,41.96942192,5.852519919,27.51846307,12.83815141,161.1578093
1.4,14.80250853,41.96906593,5.939574092,27.15432896,12.83737596,160.7149083
1.5,15.24542086,41.96870371,5.819099097,27.64216407,12.83641249,161.2105943
1.6,17.35964398,41.96832746,4.472833625,27.76799928,12.83213995,123.7652484
1.7,17.86696637,41.9679325,4.343247688,28.49325196,12.83024558,124.2057767
1.8,17.08306818,41.96752373,4.443170158,27.96134844,12.8302449,124.0101591
1.9,17.93333327,41.96710475,4.409734019,28.15699579,12.82852427,124.1643025
2,17.20765343,41.96667821,4.359163248,28.41812177,12.82887097,124.2309532
2.1,20.35331113,41.96623571,2.881177652,29.17447155,12.82314029,84.37477559
2.2,20.79693577,41.96577223,2.911396876,28.95960053,12.82117922,84.4799234
2.3,20.71955739,41.96529327,2.980719936,28.33267048,12.82021983,84.26134966
2.4,19.91893479,41.96480286,2.995408775,28.16361379,12.82039641,84.09365199
2.5,19.75692021,41.96430399,2.940082259,28.72746794,12.82000162,84.48202923
2.6,24.14599524,41.96378765,1.476655326,28.5096608,12.81260095,42.09190233
2.7,22.68706285,41.96324822,1.475102866,28.53882685,12.81277233,42.0950089
2.8,24.03914253,41.96269175,1.469202637,28.6450869,12.80998154,42.09919146
2.9,22.66609739,41.96212267,1.48202173,28.40455576,12.81076638,42.07406707
3,23.98585494,41.96154427,1.463638102,28.73926093,12.80853851,42.09305811
3.1,25.26370326,41.96095327,0.743021971,27.81925119,12.80566592,20.6612954
3.2,24.52777704,41.96034769,0.727255025,28.38877644,12.80554037,20.65946248
3.3,25.20840373,41.95973132,0.743836679,27.78333639,12.80399041,20.6560628
3.4,24.55699533,41.95910697,0.725347599,28.44549229,12.80421337,20.64914327
3.5,25.17514277,41.95847671,0.744491699,27.75384982,12.80307331,20.65135746
3.6,25.40693055,41.95784096,0.581426291,28.79180707,12.8023174,16.74752259
3.7,24.8146945,41.95720022,0.594796796,28.13438162,12.80269289,16.7255241
3.8,25.49276126,41.95655582,0.583935877,28.68805267,12.80161606,16.7562342
3.9,24.73402487,41.95590868,0.591102563,28.34596287,12.80234087,16.75109205
4,25.52771278,41.95525954,0.586913914,28.55505224,12.80124294,16.76007778
0,-1.40625E-09,46.80851064,8.024830487,0.004814898,0,0
0.1,16.65951504,46.80844665,7.961626352,16.42412947,12.87818232,129.7881464
0.2,15.61128352,46.80828494,7.95011586,18.75990323,12.87375777,147.253947
0.3,14.25346994,46.80805939,7.910922235,21.80813027,12.87186323,169.5459361
0.4,12.83789786,46.80779724,7.541512405,25.85893369,12.87177327,193.3648248
0.5,12.46483256,46.80751764,7.324855752,26.64825309,12.87131887,195.1764333
0.6,12.78613036,46.8072273,7.370020789,26.50673478,12.87027752,194.9523329
0.7,12.81595208,46.80692903,7.258252516,26.84130871,12.8697511,195.3152348
0.8,12.42674486,46.80662489,7.365174092,26.52238127,12.86985902,195.0045591
0.9,12.78818711,46.80631641,7.37042773,26.50541576,12.86915959,194.9500302
1,12.84375762,46.80600471,7.268631188,26.81232577,12.86889201,195.3015398
1.1,14.73200924,46.80568215,5.880366834,27.40918024,12.86533215,161.0680936
1.2,14.90305054,46.80534413,5.920753021,27.23902909,12.86418335,160.8534665
1.3,15.3193431,46.80499471,5.832672184,27.59284243,12.8629813,161.1934575
1.4,14.83432772,46.80463685,5.819648149,27.6401922,12.86304287,161.2110383
1.5,14.81479017,46.80427276,5.915438824,27.26228669,12.86268653,160.887995
1.6,17.59918905,46.80389461,4.454459016,27.89020386,12.85778472,123.9294851
1.7,17.85319844,46.80349778,4.33709577,28.52150585,12.85633012,124.2006001
1.8,17.20488925,46.80308716,4.42351639,28.07888677,12.85626506,124.1179337
1.9,17.777797,46.80266635,4.440737348,27.97631898,12.85495347,124.0184359
2,17.53784052,46.802238,4.336791646,28.52289167,12.85477042,124.1998063
2.1,20.3626505,46.80179372,2.870755601,29.24283628,12.84963001,84.31824848
2.2,20.87743994,46.80132847,2.892222097,29.09898429,12.84773018,84.42388384
2.3,20.97951522,46.80084773,2.95812916,28.56339584,12.84666297,84.421873
2.4,20.38247304,46.80035553,2.999746306,28.11023298,12.84667946,84.03271353
2.5,19.8220153,46.79985486,2.981341349,28.32585403,12.84682689,84.255363
2.6,24.31568154,46.79933675,1.467472347,28.67496374,12.839518,42.09827684
2.7,22.5806332,46.79879556,1.489465747,28.24631664,12.84018965,42.02881497
2.8,24.1276771,46.79823733,1.444150972,29.03156401,12.8372777,42.00843526
2.9,22.82663607,46.79766649,1.503378329,27.90063112,12.83807607,41.86255361
3,23.7652806,46.79708633,1.426572324,29.25659957,12.83635943,41.86614658
3.1,25.0610622,46.7964936,0.750924765,27.43015485,12.83361857,20.57745223
3.2,25.02844078,46.79588633,0.721088794,28.56517911,12.83274909,20.62027623
3.3,24.80976335,46.79526829,0.750912154,27.43085978,12.83236192,20.5776541
3.4,25.1915445,46.79464229,0.722207168,28.53462185,12.83139907,20.62859101
3.5,24.55780241,46.79401038,0.749549932,27.50519367,12.83180718,20.59799377
3.6,25.6326968,46.793373,0.595177681,28.11080617,12.83008661,16.72174975
3.7,25.54779058,46.79273064,0.582357732,28.75411349,12.82988281,16.75129337
3.8,24.86992368,46.79208462,0.583552256,28.70437504,12.83046864,16.75520703
3.9,25.56718957,46.79143588,0.595875181,28.06666827,12.82947005,16.71421617
4,25.53416411,46.79078513,0.581919555,28.77196122,12.82937464,16.74959577
0,-1.40625E-09,51.64410058,8.024830487,0.004814898,0,0
0.1,16.71469943,51.64403645,7.961549998,16.44336212,12.89749069,129.9310731
0.2,15.66581371,51.64387435,7.949979455,18.78090694,12.89358488,147.4131284
0.3,14.30907676,51.64364821,7.910333545,21.83197448,12.89200775,169.721608
0.4,12.90234983,51.6433853,7.535457317,25.88574158,12.89206433,193.4581252
0.5,12.50110474,51.64310477,7.366560069,26.51791878,12.89171673,194.9971581
0.6,12.96146128,51.64281332,7.333721112,26.62120611,12.89055832,195.1247252
0.7,12.7309291,51.6425138,7.252715131,26.85661761,12.8903829,195.3251716
0.8,12.54422326,51.64220831,7.392650388,26.43209841,12.89027771,194.8446156
0.9,12.99166407,51.64189841,7.294154588,26.73937642,12.88949326,195.2513951
1,12.57931879,51.64158524,7.289557698,26.75269627,12.88980399,195.272738
1.1,14.88880113,51.64126114,5.862989021,27.4780824,12.88585742,161.1295419
1.2,14.95504511,51.64092159,5.896188043,27.34427978,12.88492318,160.9967536
1.3,15.08259666,51.64057065,5.893576551,27.35514168,12.88413659,161.009723
1.4,15.33105083,51.64021128,5.829223565,27.60548901,12.88336747,161.1985544
1.5,15.02929587,51.63984568,5.814679906,27.6579655,12.88338045,161.2151073
1.6,17.57418538,51.63946603,4.43782976,27.99404968,12.87891664,124.0434446
1.7,17.85115301,51.63906774,4.407694661,28.16827469,12.87754847,124.1705359
1.8,17.61190159,51.63865567,4.363215018,28.39850364,12.8770667,124.2332518
1.9,17.39045359,51.63823343,4.41647496,28.1192108,12.87676767,124.1472656
2,17.61030702,51.63780365,4.440088512,27.98029076,12.87608562,124.0297589
2.1,20.24739949,51.63735797,2.875867346,29.2096381,12.8713305,84.34714893
2.2,20.90710933,51.63689131,2.8847238,29.15058804,12.86937638,84.39179331
2.3,21.01745883,51.63640917,2.954861251,28.59430608,12.86838808,84.4368258
2.4,20.46781035,51.63591557,2.995205834,28.16606994,12.86841304,84.09636974
2.5,20.00942661,51.6354135,2.987425826,28.25760427,12.86848859,84.19178183
2.6,24.38342717,51.63489399,1.463830212,28.73609964,12.86150354,42.09342051
2.7,22.67892638,51.63435143,1.493721437,28.14828764,12.8622731,41.9905341
2.8,24.12387973,51.63379183,1.433727971,29.16870143,12.85958029,41.93046157
2.9,23.09027481,51.63321963,1.506905386,27.79964812,12.8601322,41.79871886
3,23.56824773,51.6326381,1.41709543,29.36620268,12.85902121,41.76910855
3.1,24.40572252,51.63204401,0.746696986,27.65027198,12.85694159,20.63201295
3.2,25.65235841,51.63143541,0.739908623,27.94935808,12.85462973,20.67545883
3.3,24.82824048,51.63081604,0.721449034,28.55540107,12.85501463,20.6230091
3.4,24.75768102,51.63018871,0.75132138,27.40781998,12.8546669,20.57097118
3.5,25.56551077,51.6295555,0.729834559,28.30865806,12.85335797,20.67056319
3.6,25.66229642,51.6289168,0.589981272,28.40479462,12.85286124,16.75535945
3.7,25.39135237,51.62827314,0.577478085,28.94202629,12.8529079,16.72521397
3.8,25.02386182,51.62762583,0.59511849,28.11449369,12.85315172,16.72235176
3.9,25.64890393,51.6269758,0.587588769,28.52323649,12.85224097,16.75985072
4,25.14814375,51.62632377,0.578386621,28.90873948,12.85272616,16.7311972
0,-1.40625E-09,56.47969052,8.024830487,0.004814898,0,0
0.1,16.74711463,56.47962627,7.961475349,16.46212186,12.91351225,130.0792979
0.2,15.6994064,56.47946386,7.949836954,18.80270191,12.91003716,147.5840999
0.3,14.34409728,56.47923726,7.909697927,21.85738541,12.90872493,169.9120181
0.4,12.94690889,56.47897377,7.528918273,25.91428823,12.90890244,193.5558994
0.5,12.65835793,56.4786925,7.389936841,26.4411897,12.90848169,194.8611872
0.6,13.05200405,56.47840016,7.271515856,26.80420187,12.90744509,195.2973028
0.7,12.5888454,56.47809964,7.310489308,26.69137274,12.90758396,195.221354
0.8,12.79414191,56.47779306,7.385535342,26.45585267,12.90703194,194.8608281
0.9,13.00574456,56.47748201,7.240993631,26.88867807,12.90654672,195.3305965
1,12.55933836,56.47716765,7.347408576,26.57876368,12.90691437,195.0886493
1.1,15.09433642,56.47684232,5.857862522,27.49795857,12.90279587,161.14477
1.2,15.1120086,56.47650153,5.859918241,27.49001215,12.90199185,161.1390363
1.3,15.13680038,56.47614936,5.864593106,27.47182197,12.90138279,161.1250706
1.4,15.12291492,56.47578875,5.876161488,27.42607624,12.90097073,161.0849995
1.5,15.0595452,56.47542191,5.874747287,27.43172573,12.90072875,161.0902097
1.6,17.7244233,56.47504103,4.416349231,28.11992276,12.89623863,124.1478049
1.7,17.57272628,56.4746415,4.413274731,28.13724659,12.89547529,124.1590923
1.8,17.6651681,56.47422822,4.40257903,28.19626521,12.89466452,124.1919263
1.9,17.69072222,56.47380477,4.415494314,28.12475649,12.89411663,124.1510332
2,17.59303877,56.4733738,4.408672838,28.16287345,12.89384966,124.1422733
2.1,20.19385473,56.4729269,2.894752647,29.08121813,12.88927659,84.4334633
2.2,20.88615378,56.47245905,2.878640983,29.19135829,12.88738298,84.36190097
2.3,21.03346275,56.47197573,2.943602109,28.69668627,12.88642429,84.4744336
2.4,20.57597037,56.47148097,2.987001596,28.26245418,12.88639403,84.19651779
2.5,20.13609568,56.47097774,2.984368524,28.29224578,12.88648909,84.22488272
2.6,24.38825173,56.47045709,1.462002111,28.76593433,12.87980058,42.08955607
2.7,22.8190892,56.46991341,1.49568902,28.10084901,12.8805189,41.96937718
2.8,24.06078198,56.46935272,1.427548674,29.24488064,12.8781515,41.87539813
2.9,23.3548149,56.46877941,1.506637032,27.8075603,12.87837052,41.80394612
3,23.26526881,56.46819679,1.421638598,29.3145708,12.87798715,41.81722233
3.1,24.36717756,56.46760162,0.742478195,27.8427709,12.87568049,20.66441937
3.2,25.70982056,56.46699192,0.746609393,27.65451989,12.8733243,20.63288999
3.3,25.25926624,56.46637148,0.71896445,28.62163483,12.87331384,20.60314237
3.4,24.36340301,56.46574307,0.742571296,27.8387691,12.87399004,20.66390496
3.5,25.70732445,56.46510878,0.746665291,27.65181049,12.87207104,20.63233137
3.6,24.90532765,56.464469,0.587024474,28.54988495,12.87268961,16.76007006
3.7,25.63033033,56.46382428,0.580129079,28.84280416,12.87156325,16.74128083
3.8,25.71190915,56.4631759,0.592424774,28.27355164,12.87127442,16.74408771
3.9,24.94964693,56.4625248,0.591281828,28.33634389,12.87205704,16.7502712
4,25.46816411,56.46187171,0.577810363,28.92993596,12.8713247,16.72745782
0,-1.40625E-09,61.31528046,8.024830487,0.004814898,0,0
0.1,16.77442091,61.31521612,7.961412332,16.47792485,12.92700866,130.2041567
0.2,15.72770829,61.31505344,7.949716134,18.82106349,12.92389779,147.7281213
0.3,14.3736119,61.31482645,7.909155732,21.87879365,12.9228098,170.0723024
0.4,12.98456401,61.31456247,7.52333932,25.93832157,12.92309009,193.6365242
0.5,12.90137317,61.31428058,7.246857511,26.87269727,12.92247312,195.3296695
0.6,12.65516256,61.3139875,7.361443201,26.53434714,12.92224656,195.0225902
0.7,13.04614003,61.31368614,7.324731466,26.64862986,12.9213898,195.1589086
0.8,12.76996977,61.31337866,7.262601641,26.82920999,12.92143175,195.3156818
0.9,12.69060613,61.31306664,7.376751407,26.48481194,12.92131664,194.9404744
1,13.09136081,61.31275128,7.285260274,26.76507514,12.92067709,195.2716575
1.1,14.87753596,61.31242499,5.896478688,27.34306716,12.91754534,161.0098773
1.2,15.15147335,61.31208322,5.912599792,27.27459825,12.91649443,160.9055077
1.3,15.3126298,61.31173001,5.870259602,27.44954686,12.91576446,161.1066819
1.4,15.23634396,61.31136836,5.835023641,27.58417338,12.91545817,161.1942132
1.5,15.1027143,61.31100044,5.839572949,27.5672944,12.91532464,161.1861286
1.6,17.94871987,61.31061847,4.426490332,28.06158363,12.91072091,124.1042333
1.7,17.63272426,61.31021784,4.377150513,28.3294072,12.91022643,124.2319552
1.8,17.77495582,61.30980346,4.449220528,27.92356826,12.90941488,123.9687495
1.9,17.75504249,61.30937891,4.373001975,28.35024677,12.90895789,124.2338317
2,17.5014547,61.30894682,4.453926777,27.89362219,12.90891216,123.9336116
2.1,20.1910102,61.30849882,2.912657026,28.95003502,12.90434851,84.48218197
2.2,20.70989125,61.30802991,2.883092282,29.16161695,12.90274824,84.3840902
2.3,21.01408398,61.30754558,2.932683132,28.79041848,12.90166376,84.49203828
2.4,20.63841832,61.30704982,2.976054307,28.38298319,12.9015821,84.30338615
2.5,20.26765305,61.30654562,2.978256569,28.35942249,12.90162999,84.28416718
2.6,24.32977914,61.30602402,1.463407348,28.74304996,12.89529676,42.09260912
2.7,22.9617377,61.30547941,1.494748771,28.12369431,12.89586663,41.97977437
2.8,24.02662744,61.3049178,1.427328205,29.24753421,12.8937816,41.8733218
2.9,23.47376708,61.3043436,1.50370108,27.89165181,12.89386637,41.85713547
3,23.27117945,61.30376008,1.426217378,29.26083924,12.89365899,41.86274733
3.1,24.41829046,61.30316402,0.743080722,27.81668868,12.89137561,20.66094042
3.2,25.74681101,61.30255343,0.745740738,27.69603124,12.88909267,20.64108898
3.3,25.28837448,61.30193209,0.717681959,28.6547614,12.88913725,20.5919893
3.4,24.41486145,61.30130279,0.743165496,27.81298382,12.8898187,20.66042221
3.5,25.74451244,61.3006676,0.745793356,27.69354789,12.88793849,20.64061766
3.6,25.58800665,61.30002693,0.592476151,28.27066748,12.88781496,16.74376995
3.7,25.71770876,61.29938131,0.585698463,28.61073746,12.88742026,16.75942882
3.8,25.46239913,61.29873204,0.579327377,28.87349348,12.88755389,16.73687523
3.9,25.05127156,61.29808006,0.584731786,28.65362299,12.88792065,16.75799363
4,25.17180898,61.29742608,0.592372766,28.27646545,12.88768381,16.74440584
0,-1.40625E-09,66.15087041,8.024830487,0.004814898,0,0
0.1,16.78160872,66.15080598,7.961344687,16.49485377,12.93855325,130.3469737
0.2,15.73782847,66.1506431,7.949577058,18.84206737,12.93575262,147.898465
0.3,14.38542128,66.15041582,7.908511587,21.90391449,12.93485685,170.2633738
0.4,13.00609681,66.15015146,7.516725586,25.96643979,12.93522287,193.7292894
0.5,12.77619486,66.14986909,7.367430644,26.51511092,12.93482998,194.9911335
0.6,13.10157524,66.14957541,7.298649969,26.72627129,12.93394821,195.2400396
0.7,12.74497658,66.14927336,7.294565453,26.73818193,12.93401177,195.2619124
0.8,12.80108766,66.14896512,7.36951893,26.50836032,12.93367724,194.9797944
0.9,13.11707807,66.14865231,7.25918755,26.83871316,12.93309731,195.3146828
1,12.70219038,66.14833611,7.323330901,26.65287102,12.93344773,195.1812497
1.1,15.05725749,66.14800889,5.931139196,27.19274963,12.92970259,160.7802008
1.2,15.39727607,66.14766616,5.8833099,27.39726886,12.92862305,161.0565832
1.3,15.31523602,66.14731201,5.823406935,27.62664082,12.92822303,161.2092075
1.4,14.95434586,66.14694939,5.858966988,27.49369319,12.92828866,161.1499549
1.5,15.11612652,66.14658051,5.926019586,27.21570068,12.92782471,160.8172222
1.6,18.03120299,66.14619759,4.436280079,28.00342912,12.92322382,124.052567
1.7,17.56197366,66.14579602,4.374882056,28.34083144,12.92297644,124.1960964
1.8,17.99477787,66.1453807,4.442281218,27.96683305,12.92186338,124.0159717
1.9,17.64818337,66.1449552,4.367311865,28.3784552,12.92183304,124.2342781
2,17.90753235,66.14452216,4.452555155,27.90240157,12.92119838,123.9441317
2.1,20.40875546,66.14407326,2.912766906,28.94919843,12.91696158,84.48237157
2.2,20.94526884,66.14360349,2.916104733,28.92358989,12.91541525,84.48745634
2.3,20.69395337,66.14311832,2.961887618,28.52713317,12.91505085,84.402272
2.4,20.41539436,66.14262175,2.96970626,28.44910566,12.91488995,84.35281128
2.5,20.17658694,66.14211674,2.944089041,28.69238383,12.9148071,84.47322409
2.6,24.25044958,66.14159434,1.466908028,28.68458927,12.90856974,42.09778048
2.7,23.0674598,66.14104894,1.490630849,28.22007055,12.90899603,42.01930331
2.8,24.00867682,66.14048657,1.435635025,29.14445614,12.90712097,41.94618383
2.9,23.48609578,66.13991161,1.500087766,27.98940401,12.90721069,41.91329309
3,23.36364237,66.13932734,1.432126729,29.18878467,12.90694206,41.91678709
3.1,24.5751049,66.13873054,0.746599346,27.6550063,12.90464842,20.63299001
3.2,25.74974973,66.1381192,0.737725593,28.03452714,12.90260095,20.68042471
3.3,24.7008749,66.13749711,0.721418514,28.55623183,12.9033898,20.62277942
3.4,25.03159453,66.13686705,0.751156894,27.41712159,12.90265563,20.57369033
3.5,25.65247565,66.1362311,0.725979588,28.42692691,12.90164486,20.65275175
3.6,25.37267006,66.13558968,0.592497012,28.2694949,12.90169081,16.74363992
3.7,25.53812447,66.13494331,0.581816486,28.77612937,12.90127199,16.74917664
3.8,25.27968682,66.13429328,0.592018625,28.29616127,12.90142597,16.74647719
3.9,25.6290162,66.13364055,0.58280348,28.7357415,12.90088392,16.7528779
4,25.19777488,66.13298581,0.59106058,28.3482069,12.90131613,16.75127864
0,-1.40625E-09,70.98646035,8.024830487,0.004814898,0,0
0.1,16.80174273,70.98639585,7.961298001,16.50651656,12.94850876,130.4391198
0.2,15.75870306,70.98623278,7.949486824,18.8556197,12.94597838,148.0047435
0.3,14.4072051,70.98600521,7.908102024,21.91971385,12.94524923,170.3814765
0.4,13.03404526,70.98574049,7.512513277,25.98414291,12.94569202,193.7863013
0.5,12.78579805,70.98545766,7.345959988,26.58329569,12.94536149,195.0940994
0.6,12.83419416,70.98516343,7.356757758,26.54927925,12.94484286,195.0445869
0.7,12.88937299,70.98486077,7.356781023,26.54920536,12.94443554,195.0440888
0.8,12.99286267,70.98455187,7.339460063,26.60351331,12.94405856,195.1014627
0.9,13.11292259,70.98423835,7.29394805,26.73997664,12.94372671,195.2518963
1,13.04215291,70.98392142,7.264759555,26.82318218,12.94367221,195.3138157
1.1,15.07273979,70.9835935,5.936664203,27.16767037,12.94038151,160.7379873
1.2,15.423532,70.98325006,5.819990102,27.63896313,12.9393315,161.2126871
1.3,14.93476801,70.98289516,5.860366558,27.48827494,12.93945415,161.1461127
1.4,15.21487439,70.98253177,5.931990602,27.18890615,12.9387772,160.7736466
1.5,15.45251875,70.98216211,5.831076708,27.59870316,12.93823524,161.2006359
1.6,18.12456664,70.98177843,4.378771642,28.32119963,12.93400306,124.2310511
1.7,17.34414963,70.9813761,4.445751092,27.94532926,12.93418851,123.9647645
1.8,18.08108663,70.98096,4.369952981,28.36541519,12.93274514,124.2344911
1.9,17.36877718,70.98053372,4.457771848,27.8687793,12.93318984,123.8764605
2,18.00811734,70.9800999,4.357580012,28.42573194,12.93211397,124.2300534
2.1,20.52002186,70.97965022,2.918745536,28.90305588,12.92795375,84.49051399
2.2,20.83987961,70.9791797,2.933878233,28.78040653,12.9267305,84.49094666
2.3,20.66144879,70.97869379,2.964777912,28.49870768,12.92632404,84.38539155
2.4,20.30740106,70.9781965,2.961598724,28.52994826,12.92628721,84.40387125
2.5,20.41522856,70.97769079,2.926160664,28.84405191,12.92581392,84.49448751
2.6,24.10216588,70.97716768,1.470492405,28.62245051,12.92013522,42.09926232
2.7,23.19805873,70.97662162,1.485197317,28.33895341,12.92029447,42.05789051
2.8,24.04234229,70.97605858,1.449493737,28.95652097,12.91858988,42.0402764
2.9,23.43260587,70.97548299,1.493610341,28.15092462,12.91881868,41.99166085
3,23.58132928,70.9748981,1.440391352,29.08236985,12.91825566,41.98261097
3.1,24.98560235,70.97430066,0.750044295,27.47862448,12.91578819,20.59094138
3.2,25.5293168,70.97368869,0.719203206,28.61538997,12.91453784,20.60515278
3.3,24.75032345,70.97306596,0.748360146,27.56734339,12.91504439,20.6135151
3.4,25.69680917,70.97243526,0.72650604,28.41129218,12.91357865,20.65561565
3.5,24.51794353,70.97179866,0.742617064,27.83679804,12.91475786,20.663649
3.6,25.43112018,70.97115659,0.581585311,28.78543712,12.91338286,16.74820947
3.7,25.22412227,70.97050957,0.585951496,28.59931058,12.91343155,16.7596725
3.8,25.22491168,70.96985888,0.593375803,28.21926397,12.91328431,16.73762163
3.9,25.72318998,70.96920549,0.592482228,28.27032598,12.91257506,16.74373213
4,25.77298042,70.9685501,0.58563848,28.61343382,12.91242644,16.75936288
0,-1.40625E-09,75.82205029,8.024830487,0.004814898,0,0
0.1,16.81931063,75.82198573,7.96125721,16.5166929,12.95719542,130.51952
0.2,15.77691867,75.82182249,7.949407763,18.86744545,12.95490141,148.097475
0.3,14.42621821,75.82159467,7.907741807,21.93350045,12.95431808,170.4844773
0.4,13.05848137,75.82132963,7.508808516,25.99958374,12.95482823,193.8353164
0.5,12.83836833,75.8210464,7.33120558,26.62891541,12.95449993,195.1530684
0.6,12.8378241,75.8207517,7.330937964,26.62973394,12.95406613,195.1540558
0.7,12.84508647,75.8204485,7.336460031,26.61278048,12.95373587,195.1330098
0.8,12.87779012,75.82013902,7.344475268,26.58793076,12.95345866,195.1000463
0.9,12.91613287,75.81982489,7.344869389,26.58670136,12.95323631,195.0981436
1,12.94592451,75.81950733,7.339866135,26.60225585,12.95306981,195.11889
1.1,15.07859255,75.81917876,5.93914068,27.15632198,12.94970946,160.7183308
1.2,15.47021869,75.81883465,5.814013629,27.66033718,12.94864987,161.2169264
1.3,14.90047176,75.81847907,5.896407626,27.34336372,12.9488998,161.0102455
1.4,15.51260769,75.81811499,5.873877988,27.43519041,12.94784393,161.0939929
1.5,15.07841813,75.81774463,5.822687694,27.62924092,12.94812438,161.2117452
1.6,18.0150609,75.81736021,4.460286267,27.8523454,12.94364201,123.8819921
1.7,17.60151427,75.81695714,4.357154728,28.4277709,12.94342972,124.19017
1.8,18.11442354,75.81654032,4.439537054,27.98365959,12.9422969,124.0331888
1.9,17.40326888,75.81611331,4.396400705,28.22951049,12.94276156,124.1715119
2,18.19016939,75.81567877,4.402278118,28.19789842,12.94153285,124.192815
2.1,20.50436331,75.81522841,2.917131607,28.91563433,12.93768286,84.48873884
2.2,20.75119004,75.81475722,2.922970849,28.8696828,12.93660036,84.4936352
2.3,20.85413152,75.81427064,2.951541471,28.62514005,12.93589606,84.45009745
2.4,20.60541415,75.81377269,2.97660327,28.37714102,12.93576455,84.29869813
2.5,20.19963478,75.81326631,2.962345848,28.52265836,12.93593037,84.39986046
2.6,24.08142237,75.81274255,1.466176105,28.69698863,12.93009553,42.09699461
2.7,23.28240068,75.81219584,1.485539972,28.33171151,12.93018964,42.05587627
2.8,23.91083184,75.8116322,1.454387952,28.88459542,12.92878956,42.06403206
2.9,23.49503504,75.811056,1.49016942,28.23051666,12.92881753,42.0231548
3,23.64597806,75.81047053,1.449714591,28.95334306,12.92827871,42.04146343
3.1,25.3666529,75.80987252,0.748866439,27.54119843,12.92548028,20.60715452
3.2,24.91338169,75.80925997,0.718521509,28.633155,12.92546481,20.59935721
3.3,25.4231806,75.80863667,0.748439115,27.56329416,12.92445256,20.61254627
3.4,24.84982341,75.8080054,0.71974185,28.60120949,12.92483017,20.60961056
3.5,25.43772819,75.80736823,0.748098209,27.58069989,12.92390786,20.61666821
3.6,25.27438255,75.80672559,0.584590151,28.65980677,12.92384166,16.75771792
3.7,25.32381394,75.80607799,0.582916403,28.73105206,12.92359338,16.75325612
3.8,25.40646525,75.80542674,0.581763623,28.77826279,12.92335402,16.74895877
3.9,25.50960159,75.80477278,0.581456923,28.7905821,12.92312631,16.74765626
4,25.61563965,75.80411681,0.582146579,28.76274011,12.92292205,16.75049244
0,-1.40625E-09,80.65764023,8.024830487,0.004814898,0,0
0.1,16.8347825,80.65757561,7.961221242,16.52565506,12.96484567,130.590326
0.2,15.79296189,80.65741223,7.949337882,18.87786063,12.96276014,148.1791401
0.3,14.44296686,80.65718418,7.907422355,21.94564254,12.96230549,170.575148
0.4,13.08003997,80.65691887,7.505523126,26.01317725,12.96287522,193.8779142
0.5,12.97264008,80.65663529,7.306495701,26.70320762,12.96244375,195.232022
0.6,12.96806507,80.65634017,7.326831126,26.64225598,12.96203875,195.1684394
0.7,12.91348687,80.6560365,7.330193149,26.63201037,12.96179996,195.1565501
0.8,12.94517016,80.65572651,7.302193431,26.71588516,12.96153623,195.2434337
0.9,13.05739025,80.65541184,7.308825904,26.69631004,12.96123506,195.2116508
1,12.94370718,80.65509371,7.332605157,26.62462958,12.96124801,195.147452
1.1,15.25067144,80.65476455,5.93649559,27.1684406,12.95772577,160.7390752
1.2,15.44602412,80.65441983,5.795556383,27.7249586,12.95693611,161.2189908
1.3,14.94155537,80.65406364,5.919345562,27.2452161,12.95713466,160.8811744
1.4,15.56504404,80.65369895,5.846869444,27.53992174,12.95608306,161.1728854
1.5,14.9812027,80.65332797,5.849771972,27.52892775,12.95655838,161.1719264
1.6,18.10121393,80.65294292,4.451677625,27.90799596,12.95191279,123.9507431
1.7,17.50911098,80.65253923,4.368332864,28.37342504,12.95195788,124.1959885
1.8,18.19181016,80.65212179,4.431116195,28.03433693,12.95065202,124.0810477
1.9,17.38074451,80.65169417,4.405993226,28.17763177,12.9512605,124.1488063
2,18.22567159,80.65125902,4.385410401,28.28720362,12.94997846,124.2246701
2.1,20.47732862,80.65080804,2.911635885,28.95779034,12.94626835,84.48035609
2.2,20.77427639,80.65033624,2.908603184,28.98061971,12.94517238,84.47422755
2.3,20.98350107,80.64984906,2.933798022,28.78108034,12.94437505,84.49102577
2.4,20.9135726,80.64935049,2.970211508,28.44393703,12.94405543,84.34919206
2.5,20.52693881,80.6488435,2.983797392,28.29863841,12.94421949,84.23080547
2.6,24.02149243,80.64831913,1.46308019,28.74840679,12.93891892,42.09194708
2.7,23.37443228,80.64777184,1.491066576,28.21014329,12.93888461,42.01556314
2.8,23.70352761,80.64720763,1.454791532,28.87851952,12.93788213,42.06574545
2.9,23.7353523,80.64663089,1.492005725,28.18853456,12.93740203,42.00715488
3,23.46578083,80.64604487,1.457755279,28.83318802,12.93738996,42.0771241
3.1,25.39578194,80.64544632,0.747792224,27.59615917,12.93438371,20.62023541
3.2,24.68501953,80.64483325,0.726766919,28.40348638,12.93471323,20.65698608
3.3,25.81737482,80.64420942,0.738334506,28.01123394,12.93296936,20.67941986
3.4,24.62737628,80.64357763,0.741801893,27.87153702,12.93411825,20.667908
3.5,25.71771897,80.64293996,0.723976302,28.48503556,12.93259495,20.64069312
3.6,25.79698802,80.64229681,0.588726234,28.46806723,12.93225933,16.75845963
3.7,25.7004639,80.64164871,0.595041297,28.11928959,12.93220225,16.72312823
3.8,25.04653653,80.64099694,0.592514268,28.26852425,12.93285448,16.74353191
3.9,25.31095304,80.64034247,0.583623971,28.70133688,12.93243658,16.75540773
4,25.56432471,80.63968599,0.581247847,28.79892368,12.93205931,16.74673109
0,-1.40625E-09,85.49323017,8.024830487,0.004814898,0,0
0.1,16.84870018,85.49316551,7.961188852,16.53371687,12.97172749,130.6540177
0.2,15.80738907,85.49300198,7.94927484,18.88722653,12.96982717,148.2525734
0.3,14.45802756,85.49277374,7.907133376,21.95655894,12.96948687,170.6566307
0.4,13.09945012,85.49250818,7.502551607,26.0253928,12.97010954,193.9157488
0.5,12.85658341,85.49222429,7.331270173,26.6287178,12.96986947,195.1696325
0.6,12.96141484,85.49192877,7.30742333,26.7004644,12.96935353,195.2295186
0.7,12.99649757,85.49162467,7.303568832,26.71184032,12.96902268,195.2398291
0.8,13.03591974,85.4913142,7.308302809,26.69786036,12.96876168,195.2269381
0.9,13.0543855,85.49099903,7.323154533,26.65340449,12.96858139,195.1809114
1,13.0195874,85.49068037,7.337221679,26.61043153,12.96850601,195.1293174
1.1,15.35875173,85.49035068,5.92855404,27.20437295,12.96498753,160.798889
1.2,15.42982036,85.49000542,5.785196988,27.76034943,12.96437798,161.2134277
1.3,15.00394662,85.48964868,5.930200499,27.19697829,12.96450568,160.8072146
1.4,15.5891124,85.48928344,5.828298402,27.60886821,12.96351633,161.2045907
1.5,14.95720725,85.48891191,5.86969488,27.45177809,12.96406272,161.1182298
1.6,18.19468008,85.4885263,4.438740973,27.98851175,12.95932647,124.0380349
1.7,17.44182255,85.48812206,4.385892498,28.28471036,12.9596031,124.1875951
1.8,18.26207784,85.48770407,4.414048228,28.13290365,12.95815883,124.156442
1.9,17.37616406,85.4872759,4.42760795,28.05503819,12.95887906,124.0679685
2,18.23519324,85.4868402,4.36557358,28.38698808,12.95759393,124.2341795
2.1,20.45545213,85.48638869,2.908797722,28.9791643,12.95397915,84.47465147
2.2,20.69296117,85.48591634,2.89773923,29.06001408,12.95299585,84.44395975
2.3,20.96954397,85.48542861,2.910974801,28.96279258,12.95214789,84.47911036
2.4,21.09708362,85.4849295,2.944521138,28.68855677,12.95161384,84.47212737
2.5,20.95694995,85.48442195,2.977388368,28.36875037,12.95150027,84.29187568
2.6,24.11830195,85.48389705,1.458088526,28.8280106,12.946663,42.07826796
2.7,23.41393312,85.48334925,1.497659361,28.05188863,12.9467448,41.94581729
2.8,23.60404446,85.48278452,1.45058485,28.94075986,12.94594208,42.04603732
2.9,24.03049505,85.48220726,1.490449694,28.22417978,12.94501382,42.02082871
3,23.21032885,85.48162072,1.469007821,28.64847859,12.94568279,42.09913418
3.1,25.26489923,85.48102166,0.747482878,27.61163413,12.94256549,20.62371688
3.2,24.74662345,85.48040809,0.726532224,28.41051049,12.94269434,20.65575457
3.3,25.81963921,85.47978379,0.735858757,28.10385097,12.94104516,20.6817858
3.4,24.84733266,85.47915153,0.745326306,27.71545372,12.9419488,20.64468999
3.5,25.21132225,85.47851339,0.718646265,28.62991882,12.94130749,20.60043052
3.6,25.83672603,85.47786978,0.592298713,28.28060511,12.94032873,16.74485258
3.7,25.04752221,85.47722121,0.59099902,28.35149138,12.94111351,16.75154837
3.8,25.53513682,85.47656899,0.580753119,28.8184831,12.94040137,16.74442356
3.9,25.82081549,85.47591406,0.589613026,28.42363248,12.93996653,16.75644671
4,25.14335331,85.47525712,0.594186285,28.1714286,12.94071535,16.73109523
0,-1.40625E-09,90.32882012,8.024830487,0.004814898,0,0
0.1,16.86526075,90.32875539,7.961150265,16.54331037,12.97991671,130.7298097
0.2,15.82444261,90.32859171,7.949200069,18.8982979,12.978181,148.3393733
0.3,14.47576168,90.32836323,7.906790982,21.96941122,12.97794202,170.7525202
0.4,13.12229149,90.32809737,7.499038298,26.03973983,12.97860982,193.9596432
0.5,12.96907444,90.3278131,7.371291009,26.50261488,12.97828779,194.9695789
0.6,13.07269463,90.32751713,7.353985513,26.55806485,12.97779128,195.0565955
0.7,13.12108662,90.32721251,7.328822439,26.63619346,12.97745727,195.1608413
0.8,13.11518939,90.32690148,7.306126367,26.70429886,12.97725973,195.2328491
0.9,13.07350973,90.32658571,7.292872054,26.74310088,12.97715805,195.2656421
1,13.02049549,90.32626644,7.290777036,26.74917108,12.97710923,195.2702098
1.1,15.26142206,90.32593609,5.937061144,27.16585591,12.97374619,160.7346644
1.2,15.51857411,90.32559017,5.78628087,27.75667513,12.97294119,161.2146493
1.3,15.00281978,90.32523278,5.916989396,27.25552942,12.97319636,160.8960332
1.4,15.63179224,90.32486689,5.844650775,27.54828479,12.97217011,161.1777037
1.5,15.01475332,90.3244947,5.850209968,27.52726346,12.97270881,161.170978
1.6,18.2461456,90.32410845,4.430875363,28.03576561,12.96802565,124.0823114
1.7,17.41381364,90.32370358,4.410442301,28.15306221,12.96843183,124.1356546
1.8,18.31060884,90.32328496,4.392952447,28.24780722,12.96691857,124.2132794
1.9,17.4112385,90.32285616,4.436600142,28.00149592,12.96767373,124.021154
2,18.24828004,90.32241983,4.354990014,28.43811495,12.96642743,124.2278909
2.1,20.43722958,90.32196769,2.901375433,29.0338434,12.96290067,84.45579332
2.2,20.6933831,90.32149472,2.890692761,29.109634,12.96193171,84.41776252
2.3,20.95561665,90.32100637,2.898674468,29.05332053,12.96112765,84.4470592
2.4,21.13899028,90.32050663,2.926719215,28.83952418,12.96054597,84.49450136
2.5,21.13855154,90.31999845,2.960890709,28.53682767,12.96027915,84.40772553
2.6,24.20209137,90.31947294,1.45314797,28.90312212,12.95561609,42.05852866
2.7,23.52764255,90.31892453,1.503494086,27.89741644,12.95570347,41.86061977
2.8,23.42722028,90.3183592,1.446680413,28.99646757,12.95527779,42.02424543
2.9,24.34620223,90.31778133,1.480834537,28.42840796,12.95377909,42.07900466
3,23.012263,90.31719418,1.490824687,28.21566191,12.9550843,42.01765158
3.1,25.40665601,90.31659451,0.746076472,27.68011766,12.95159136,20.63802622
3.2,24.83131197,90.31598037,0.729065719,28.33296916,12.95181614,20.66761422
3.3,25.67922981,90.31535551,0.737934156,28.02658775,12.95045843,20.68011262
3.4,24.76661121,90.31472271,0.741516976,27.88349896,12.95130055,20.6692495
3.5,25.5526152,90.31408403,0.725029342,28.4547589,12.95016549,20.64725687
3.6,25.84910894,90.3134399,0.590822237,28.3608845,12.94959225,16.75229761
3.7,25.23567782,90.31279081,0.583849022,28.69176348,12.95017143,16.75601168
3.8,25.83977144,90.31213807,0.589266415,28.44115417,12.94932732,16.75733376
3.9,25.13365575,90.31148262,0.585865475,28.60320483,12.95008835,16.75959593
4,25.83078502,90.31082516,0.58799783,28.50362444,12.94918512,16.75949943
0,-1.40625E-09,95.16441006,8.024830487,0.004814898,0,0
0.1,16.96764239,95.16434495,7.960910593,16.60263298,13.03055359,131.1984551
0.2,15.92806388,95.16418028,7.948739824,18.96557615,13.02894488,148.8667148
0.3,14.58243571,95.16395036,7.904682268,22.04667211,13.02877605,171.3279534
0.4,13.25965807,95.16368269,7.477534661,26.12538302,13.02943483,194.2092452
0.5,13.29635166,95.16339615,7.237791189,26.89735735,13.0288828,195.334697
0.6,12.90795634,95.16309745,7.374127208,26.49338661,13.02897441,194.97928
0.7,13.37704843,95.16278976,7.330932065,26.62975197,13.02813087,195.152463
0.8,13.09706359,95.1624754,7.259863148,26.83683587,13.02825474,195.3238937
0.9,12.96314069,95.16215611,7.397089885,26.4171387,13.02825873,194.841669
1,13.40067843,95.16183318,7.290095663,26.75114168,13.02761281,195.2716724
1.1,15.30136445,95.16149914,5.895447275,27.34736697,13.02468252,161.0147768
1.2,15.44997113,95.16114955,5.900365851,27.32677657,13.02402582,160.9901708
1.3,15.72651939,95.16078847,5.823088051,27.62779402,13.02333528,161.210425
1.4,15.28465885,95.16041888,5.845050745,27.54677973,13.02359739,161.1819434
1.5,15.35465982,95.160043,5.90214681,27.31926712,13.02331327,160.9809869
1.6,18.27041328,95.15965311,4.413290652,28.1371573,13.01903963,124.1591279
1.7,17.70015884,95.15924465,4.40986641,28.15626117,13.01915206,124.1380772
1.8,18.31679798,95.15882248,4.397807445,28.22199363,13.01798604,124.2035022
1.9,17.70307712,95.15839016,4.42571212,28.06612742,13.01840317,124.0774571
2,18.35447987,95.15795032,4.371011403,28.36016367,13.01738044,124.2344087
2.1,20.28107022,95.15749471,2.909745657,28.97205486,13.01420281,84.47694278
2.2,20.50966762,95.1570183,2.882512117,29.1655221,13.01328654,84.38164947
2.3,20.83034968,95.15652651,2.867215268,29.26546677,13.01242255,84.2973219
2.4,21.11481282,95.15602333,2.872262201,29.23311675,13.01172279,84.32699966
2.5,21.29392787,95.15551173,2.892497702,29.09705814,13.01123883,84.42494534
2.6,24.60673548,95.15498283,1.447622137,28.983205,13.00631686,42.0297973
2.7,23.5012817,95.15443108,1.507759306,27.77420644,13.00694471,41.78165757
2.8,23.42562513,95.15386243,1.426434158,29.2582512,13.00649953,41.86482334
2.9,24.66598059,95.15328127,1.485786941,28.32647152,13.00462171,42.05439098
3,22.97736846,95.15269084,1.492149303,28.1852051,13.00635071,42.00582674
3.1,24.93044458,95.15208797,0.750461796,27.45582862,13.00340597,20.58469875
3.2,25.77226504,95.15147069,0.725706358,28.43498033,13.00193655,20.65121421
3.3,24.67132152,95.15084274,0.74337649,27.80372429,13.00292014,20.65910506
3.4,25.92009325,95.1502069,0.735282083,28.12465847,13.00116152,20.68170603
3.5,24.71238335,95.1495652,0.732588066,28.21835704,13.00241439,20.67844256
3.6,25.78564978,95.14891807,0.596025058,28.05701562,13.00090717,16.71248884
3.7,25.87051952,95.14826602,0.580516419,28.82775362,13.0006325,16.74326162
3.8,25.2043746,95.14761032,0.592489547,28.26991456,13.00130524,16.74368651
3.9,25.94845719,95.14695194,0.588367408,28.48568671,13.00030587,16.75903923
4,25.4086888,95.14629156,0.579217815,28.87764021,13.0008744,16.73624178
0,-1.40625E-09,100,8.024830487,0.004814898,0,0
0.1,18.97347654,99.99992766,7.956064532,17.69713759,13.99271274,139.8000265
0.2,17.94524152,99.99974412,7.937862729,20.20401435,13.99078148,158.5024458
0.3,16.67485857,99.9994866,7.844927995,23.46400465,13.99019609,181.4444544
0.4,15.97827222,99.99918404,7.387115248,26.45060125,13.98970655,195.0265086
0.5,15.7757003,99.99885386,7.410550636,26.3711118,13.98896539,194.9186162
0.6,15.67388488,99.99850371,7.396595331,26.41881051,13.98829142,195.0023814
0.7,15.62719578,99.99813879,7.368585268,26.51138115,13.98769075,195.1373068
0.8,15.64587055,99.99776292,7.329348679,26.63458846,13.98711495,195.264718
0.9,15.74540279,99.99737897,7.287203312,26.75948686,13.98651876,195.3317572
1,15.92105231,99.99698903,7.256363408,26.84654336,13.9858882,195.3410725
1.1,18.33671398,99.99658672,5.804743925,27.69304876,13.9821047,161.2175669
1.2,18.36193279,99.99616833,5.861076051,27.48552257,13.98134937,161.1877855
1.3,18.18894776,99.99573807,5.915570363,27.26171437,13.98094385,160.9917117
1.4,17.9556479,99.99529903,5.933498905,27.18207835,13.98069304,160.9028246
1.5,17.81063347,99.9948535,5.919071607,27.24641807,13.98039726,160.9898957
1.6,20.02457024,99.99439435,4.447727808,27.93296319,13.97675334,124.0209846
1.7,20.46323513,99.9939174,4.47460393,27.755771,13.97541605,123.8026574
1.8,20.87739141,99.99342731,4.409635976,28.15753962,13.97422953,124.1689746
1.9,20.67968511,99.9929275,4.337839765,28.51811134,13.9738688,124.1360703
2,20.12331825,99.99242049,4.372225699,28.35412042,13.97400878,124.1942932
2.1,23.16516464,99.99189854,2.950896653,28.63106463,13.96926651,84.44427032
2.2,22.80625508,99.99135705,2.926846162,28.83849344,13.96879362,84.47440412
2.3,23.20270383,99.99080113,2.956545888,28.57844204,13.96755348,84.4237385
2.4,22.81934978,99.99023453,2.923566668,28.86492424,13.96734671,84.47229689
2.5,23.18511544,99.98966005,2.957269155,28.57158526,13.96631931,84.4206852
2.6,25.79180435,99.98906934,1.493490093,28.15377394,13.96198918,41.99267393
2.7,26.44510074,99.98845723,1.475721176,28.52727401,13.96020199,42.08994507
2.8,26.03754524,99.98782927,1.431593702,29.19541572,13.95983566,41.89841946
2.9,25.27705762,99.98718957,1.468737143,28.65317919,13.96000974,42.09227347
3,25.82540019,99.9865412,1.496161148,28.08925328,13.95869598,41.96436941
3.1,27.47640314,99.98588114,0.71762026,28.6563376,13.95577054,20.58660686
3.2,27.67926296,99.98520756,0.72120549,28.56201829,13.95471419,20.61788989
3.3,27.7875275,99.98452397,0.726737648,28.40436416,13.95386647,20.65440463
3.4,27.830987,99.98383298,0.732754355,28.21273322,13.95316529,20.6771027
3.5,27.85558162,99.98313651,0.738481676,28.00555166,13.95253686,20.67814869
3.6,27.47473768,99.98243496,0.588807546,28.46404614,13.95237647,16.75723018
3.7,27.65795186,99.98172881,0.589933945,28.4072286,13.95158039,16.75462516
3.8,27.85303398,99.98101928,0.58752316,28.52635882,13.95079612,16.75885563
3.9,27.79376698,99.98030724,0.58296251,28.72913319,13.95035151,16.75197607
4,27.53808144,99.97959335,0.581870813,28.77393378,13.95015588,16.74766145